season,games,mean_ae,mean_vegas_ae,mean_se,mean_vegas_se,RMSE,vegas_RMSE,straight_up_win_pct,vegas_straight_up_win_pct,ATS_win_pct,AE_ATS_win_pct
2024,285,10.96970093504735,9.703508771929824,198.98361384013526,161.81140350877192,14.106155175671905,12.72051113394316,0.6807017543859649,0.7052631578947368,0.49122807017543857,0.4
