season,games,mean_ae,mean_vegas_ae,mean_se,mean_vegas_se,RMSE,vegas_RMSE,straight_up_win_pct,vegas_straight_up_win_pct,ATS_win_pct,AE_ATS_win_pct
2024,278,10.951281569018168,9.679856115107915,198.78098269953836,160.20863309352515,14.098970980165126,12.657354901144439,0.6798561151079137,0.7086330935251799,0.4892086330935252,0.39928057553956836
