season,games,mean_ae,mean_vegas_ae,mean_se,mean_vegas_se,RMSE,vegas_RMSE,straight_up_win_pct,vegas_straight_up_win_pct,ATS_win_pct,AE_ATS_win_pct
2024,272,10.906279265617323,9.610294117647058,197.16380145172894,158.88970588235284,14.041502820272799,12.605146007974396,0.6838235294117647,0.7132352941176471,0.4852941176470588,0.39338235294117646
