season,games,mean_ae,mean_vegas_ae,mean_se,mean_vegas_se,RMSE,vegas_RMSE,straight_up_win_pct,vegas_straight_up_win_pct,ATS_win_pct,AE_ATS_win_pct
2024,282,10.954354546378294,9.640070921985815,198.81776529627706,159.77925531914897,14.100275362427396,12.640381929322745,0.6808510638297872,0.7056737588652482,0.48936170212765956,0.3971631205673759
