season,mean_ae,mean_vegas_ae,mean_se,mean_vegas_se,RMSE,vegas_RMSE,straight_up_win_pct,ATS_win_pct,AE_ATS_win_pct
2024,11.706093592726317,10.315217391304348,232.28323271015734,190.31521739130434,15.240840944979293,13.795478150151387,0.6086956521739131,0.44565217391304346,0.33695652173913043
