season,games,mean_ae,mean_vegas_ae,mean_se,mean_vegas_se,RMSE,vegas_RMSE,straight_up_win_pct,vegas_straight_up_win_pct,ATS_win_pct,AE_ATS_win_pct
2024,284,10.984914308499564,9.669014084507044,199.52858935000455,161.04225352112672,14.125458907589676,12.69024245320501,0.6795774647887324,0.7077464788732394,0.4894366197183099,0.397887323943662
