season,mean_ae,mean_vegas_ae,mean_se,mean_vegas_se,RMSE,vegas_RMSE,straight_up_win_pct,vegas_straight_up_win_pct,ATS_win_pct,AE_ATS_win_pct
2024,11.61516031462786,10.15040650406504,221.3143524209606,184.53048780487808,14.876637806337849,13.58419993245381,0.6016260162601627,0.6585365853658537,0.43902439024390244,0.3333333333333333
