season,games,MAE,vegas_MAE,MSE,vegas_MSE,RMSE,vegas_RMSE,straight_up_win_pct,vegas_straight_up_win_pct,ATS_win_pct,AE_ATS_win_pct
2025,282,10.349386017295279,9.72517730496454,166.752643327193,151.05230496453902,12.913273919777007,12.290333801998178,0.6028368794326241,0.6560283687943262,0.4787234042553192,0.41134751773049644
