season,games,mean_ae,mean_vegas_ae,mean_se,mean_vegas_se,RMSE,vegas_RMSE,straight_up_win_pct,vegas_straight_up_win_pct,ATS_win_pct,AE_ATS_win_pct
2025,164,10.587906990642406,9.628048780487806,174.1875745847995,152.99695121951223,13.19801403942273,12.36919363659217,0.5670731707317073,0.6890243902439024,0.4451219512195122,0.3719512195121951
