season,games,MAE,vegas_MAE,MSE,vegas_MSE,RMSE,vegas_RMSE,straight_up_win_pct,vegas_straight_up_win_pct,ATS_win_pct,AE_ATS_win_pct
2025,285,10.298891961046964,9.670175438596493,165.83746803096588,149.93508771929822,12.87778971838591,12.244798394391728,0.6070175438596491,0.6596491228070176,0.4807017543859649,0.4105263157894737
