season,games,mean_ae,mean_vegas_ae,mean_se,mean_vegas_se,RMSE,vegas_RMSE,straight_up_win_pct,vegas_straight_up_win_pct,ATS_win_pct,AE_ATS_win_pct
2025,135,10.775409396592023,9.885185185185186,179.3767221316762,158.19814814814816,13.393159527597518,12.577684530474922,0.5703703703703704,0.6962962962962963,0.4444444444444444,0.37777777777777777
