season,games,mean_ae,mean_vegas_ae,mean_se,mean_vegas_se,RMSE,vegas_RMSE,straight_up_win_pct,vegas_straight_up_win_pct,ATS_win_pct,AE_ATS_win_pct
2025,108,10.256512833398382,9.421296296296296,167.49662608325792,151.15046296296296,12.942048759112984,12.294326454221189,0.5555555555555556,0.6944444444444444,0.4537037037037037,0.37037037037037035
