season,games,MAE,vegas_MAE,MSE,vegas_MSE,RMSE,vegas_RMSE,straight_up_win_pct,vegas_straight_up_win_pct,ATS_win_pct,AE_ATS_win_pct
2025,284,10.280755191907446,9.663732394366196,165.58092991513251,149.99735915492957,12.867825376307083,12.247340901392823,0.6056338028169014,0.6584507042253521,0.4823943661971831,0.4119718309859155
