season,games,MAE,vegas_MAE,MSE,vegas_MSE,RMSE,vegas_RMSE,straight_up_win_pct,vegas_straight_up_win_pct,ATS_win_pct,AE_ATS_win_pct
2025,272,10.414589407316594,9.722426470588237,168.1170487448841,150.5818014705882,12.965995863985308,12.27117767252142,0.5955882352941176,0.6544117647058824,0.4742647058823529,0.40441176470588236
