season,games,MAE,vegas_MAE,MSE,vegas_MSE,RMSE,vegas_RMSE,straight_up_win_pct,vegas_straight_up_win_pct,ATS_win_pct,AE_ATS_win_pct
2025,208,10.435437475635979,9.709134615384617,168.01401472710415,153.8377403846154,12.962022015376466,12.403134296806408,0.5913461538461539,0.6682692307692307,0.4519230769230769,0.3798076923076923
