season,games,MAE,vegas_MAE,MSE,vegas_MSE,RMSE,vegas_RMSE,straight_up_win_pct,vegas_straight_up_win_pct,ATS_win_pct,AE_ATS_win_pct
2025,278,10.362130947248554,9.723021582733812,166.488798919359,150.00359712230215,12.903053860205304,12.247595564938539,0.5971223021582733,0.6510791366906474,0.4784172661870504,0.41007194244604317
