season,games,MAE,vegas_MAE,MSE,vegas_MSE,RMSE,vegas_RMSE,straight_up_win_pct,vegas_straight_up_win_pct,ATS_win_pct,AE_ATS_win_pct
2025,240,10.571975584577713,9.80625,173.68704254766834,153.52604166666666,13.179037997808047,12.39056260492907,0.5833333333333334,0.6625,0.4583333333333333,0.39166666666666666
