season,games,mean_ae,mean_vegas_ae,mean_se,mean_vegas_se,RMSE,vegas_RMSE,straight_up_win_pct,vegas_straight_up_win_pct,ATS_win_pct,AE_ATS_win_pct
2025,178,10.235600091375398,9.42696629213483,165.50573569675163,148.11516853932585,12.86490325252202,12.17025753792112,0.5898876404494382,0.6910112359550562,0.4550561797752809,0.37640449438202245
