season,games,mean_ae,mean_vegas_ae,mean_se,mean_vegas_se,RMSE,vegas_RMSE,straight_up_win_pct,vegas_straight_up_win_pct,ATS_win_pct,AE_ATS_win_pct
2025,121,10.836543896250875,9.950413223140496,182.0883251167451,162.75206611570246,13.494010712784583,12.757431799374922,0.5867768595041323,0.7107438016528925,0.4380165289256198,0.36363636363636365
