season,games,mean_ae,mean_vegas_ae,mean_se,mean_vegas_se,RMSE,vegas_RMSE,straight_up_win_pct,vegas_straight_up_win_pct,ATS_win_pct,AE_ATS_win_pct
2025,93,9.870540459260694,9.086021505376344,159.89859631927033,146.6182795698925,12.645101672951085,12.108603535085807,0.5376344086021505,0.6774193548387096,0.4731182795698925,0.3763440860215054
