season,games,MAE,vegas_MAE,MSE,vegas_MSE,RMSE,vegas_RMSE,straight_up_win_pct,vegas_straight_up_win_pct,ATS_win_pct,AE_ATS_win_pct
2025,256,10.526721826300085,9.833984375,171.91253937053622,153.3916015625,13.111542219378169,12.385136315862656,0.5859375,0.65625,0.46875,0.3984375
