season,games,MAE,vegas_MAE,MSE,vegas_MSE,RMSE,vegas_RMSE,straight_up_win_pct,vegas_straight_up_win_pct,ATS_win_pct,AE_ATS_win_pct
2025,194,10.222324827047684,9.512886597938143,163.54195588643233,147.87242268041234,12.788352352294346,12.160280534609896,0.5876288659793815,0.6804123711340206,0.4587628865979381,0.3865979381443299
