season,games,mean_ae,mean_vegas_ae,mean_se,mean_vegas_se,RMSE,vegas_RMSE,straight_up_win_pct,vegas_straight_up_win_pct,ATS_win_pct,AE_ATS_win_pct
2025,149,10.687716469795902,9.842281879194632,175.72705577673963,155.6023489932886,13.256208197548032,12.474067059034459,0.5704697986577181,0.6845637583892618,0.4563758389261745,0.38926174496644295
