season,week,team,off_ypp,off_epa,off_success_rate,off_explosiveness,off_third_conv_rate,off_fourth_conv_rate,off_pass_ypa,off_pass_ypc,off_rush_ypa,off_pts_per_opp,off_turnovers,off_plays_pg,off_ppg,def_ypp,def_epa,def_success_rate,def_explosiveness,def_third_conv_rate,def_fourth_conv_rate,def_pass_ypa,def_pass_ypc,def_rush_ypa,def_pts_per_opp,def_plays_pg,def_ppg,st_net_epa,st_punt_return_yds,st_kick_return_yds,st_kick_return_TDs,st_punt_return_TDs,fg_rate,fg_made_pg,xp_rate,xp_made_pg,st_punt_return_yds_allowed,st_kick_return_yds_allowed,st_kick_return_TDs_allowed,st_punt_return_TDs_allowed,fg_rate_allowed,fg_made_pg_allowed,xp_rate_allowed,xp_made_pg_allowed,net_st_ppg,off_ypp_PY1,off_epa_PY1,off_success_rate_PY1,off_explosiveness_PY1,off_third_conv_rate_PY1,off_fourth_conv_rate_PY1,off_pass_ypa_PY1,off_pass_ypc_PY1,off_rush_ypa_PY1,off_pts_per_opp_PY1,off_turnovers_PY1,off_plays_pg_PY1,off_ppg_PY1,def_ypp_PY1,def_epa_PY1,def_success_rate_PY1,def_explosiveness_PY1,def_third_conv_rate_PY1,def_fourth_conv_rate_PY1,def_pass_ypa_PY1,def_pass_ypc_PY1,def_rush_ypa_PY1,def_pts_per_opp_PY1,def_plays_pg_PY1,def_ppg_PY1,st_net_epa_PY1,st_punt_return_yds_PY1,st_kick_return_yds_PY1,st_kick_return_TDs_PY1,st_punt_return_TDs_PY1,fg_rate_PY1,fg_made_pg_PY1,xp_rate_PY1,xp_made_pg_PY1,st_punt_return_yds_allowed_PY1,st_kick_return_yds_allowed_PY1,st_kick_return_TDs_allowed_PY1,st_punt_return_TDs_allowed_PY1,fg_rate_allowed_PY1,fg_made_pg_allowed_PY1,xp_rate_allowed_PY1,xp_made_pg_allowed_PY1,net_st_ppg_PY1,def_turnovers_PY1,adj_off_epa_PY1,adj_def_epa_PY1,adj_off_plays_pg_PY1,adj_def_plays_pg_PY1,adj_off_explosiveness_PY1,adj_def_explosiveness_PY1,adj_off_pts_per_play_PY1,adj_def_pts_per_play_PY1,adj_off_ppg_PY1,adj_def_ppg_PY1,adj_off_ypp_PY1,adj_def_ypp_PY1,def_turnovers,net_punt_return_yds,net_kick_return_yds,net_punt_return_TDs,net_kick_return_TDs,net_fg_rate,net_fg_made_pg,net_xp_rate,net_xp_made_pg,off_ppg_aboveavg,def_ppg_aboveavg,adj_off_epa,adj_def_epa,adj_off_plays_pg,adj_def_plays_pg,adj_off_explosiveness,adj_def_explosiveness,adj_off_pts_per_play,adj_def_pts_per_play,adj_off_ppg,adj_def_ppg,adj_off_ypp,adj_def_ypp,weighted_off_ypp,weighted_off_epa,weighted_off_success_rate,weighted_off_explosiveness,weighted_off_third_conv_rate,weighted_off_fourth_conv_rate,weighted_off_pass_ypa,weighted_off_pass_ypc,weighted_off_rush_ypa,weighted_off_pts_per_opp,weighted_off_turnovers,weighted_off_plays_pg,weighted_off_ppg,weighted_def_ypp,weighted_def_epa,weighted_def_success_rate,weighted_def_explosiveness,weighted_def_third_conv_rate,weighted_def_fourth_conv_rate,weighted_def_pass_ypa,weighted_def_pass_ypc,weighted_def_rush_ypa,weighted_def_pts_per_opp,weighted_def_turnovers,weighted_def_plays_pg,weighted_def_ppg,weighted_net_st_epa,weighted_net_punt_return_yds,weighted_net_kick_return_yds,weighted_net_punt_return_TDs,weighted_net_kick_return_TDs,weighted_net_fg_rate,weighted_net_fg_made_pg,weighted_net_xp_rate,weighted_net_xp_made_pg,weighted_net_st_ppg,Rank_weighted_off_ypp,Rank_weighted_off_epa,Rank_weighted_off_success_rate,Rank_weighted_off_explosiveness,Rank_weighted_off_third_conv_rate,Rank_weighted_off_fourth_conv_rate,Rank_weighted_off_pass_ypa,Rank_weighted_off_pass_ypc,Rank_weighted_off_rush_ypa,Rank_weighted_off_pts_per_opp,Rank_weighted_off_turnovers,Rank_weighted_off_ppg,Rank_weighted_def_ypp,Rank_weighted_def_epa,Rank_weighted_def_success_rate,Rank_weighted_def_explosiveness,Rank_weighted_def_third_conv_rate,Rank_weighted_def_fourth_conv_rate,Rank_weighted_def_pass_ypa,Rank_weighted_def_pass_ypc,Rank_weighted_def_rush_ypa,Rank_weighted_def_pts_per_opp,Rank_weighted_def_turnovers,Rank_weighted_def_ppg,Rank_weighted_net_st_epa,Rank_weighted_net_punt_return_yds,Rank_weighted_net_punt_return_TDs,Rank_weighted_net_kick_return_yds,Rank_weighted_net_kick_return_TDs,Rank_weighted_net_xp_rate,Rank_weighted_net_xp_made_pg,Rank_weighted_net_st_ppg,Rank_off_ypp,Rank_off_epa,Rank_off_success_rate,Rank_off_explosiveness,Rank_off_third_conv_rate,Rank_off_fourth_conv_rate,Rank_off_pass_ypa,Rank_off_pass_ypc,Rank_off_rush_ypa,Rank_off_pts_per_opp,Rank_off_turnovers,Rank_off_ppg,Rank_adj_off_epa,Rank_adj_off_explosiveness,Rank_adj_off_ypp,Rank_def_ypp,Rank_def_epa,Rank_def_success_rate,Rank_def_explosiveness,Rank_def_third_conv_rate,Rank_def_fourth_conv_rate,Rank_def_pass_ypa,Rank_def_pass_ypc,Rank_def_rush_ypa,Rank_def_pts_per_opp,Rank_def_turnovers,Rank_def_ppg,Rank_adj_def_epa,Rank_adj_def_explosiveness,Rank_adj_def_ypp,Rank_net_st_epa,Rank_net_punt_return_yds,Rank_net_punt_return_TDs,Rank_net_kick_return_yds,Rank_net_kick_return_TDs,Rank_net_xp_rate,Rank_net_xp_made_pg,Rank_net_st_ppg,VoA_Output,OffVoA_MeanRating,OffVoA_MedRating,OffVoA_95PctRating,OffVoA_05PctRating,DefVoA_MeanRating,DefVoA_MedRating,DefVoA_95PctRating,DefVoA_05PctRating,STVoA_MeanRating,STVoA_MedRating,STVoA_95PctRating,STVoA_05PctRating,VoA_Rating_Ovr,VoA_Rating_05Pct,VoA_Rating_95Pct,VoA_Ranking_Ovr,OffVoA_Ranking,DefVoA_Ranking,STVoA_Ranking
2026,3,LAC,5.231638418079096,-0.18755526491694993,0.4180790960451977,0.9223891101723278,0.3170731707317073,0,6.114583333333333,12.057692307692308,4.185185185185185,1.1470588235294117,2,59,10,5.611702127659574,0.01675158448167527,0.4095744680851064,1.147018207821847,0.37209302325581395,0.15,7.06060606060606,11.838709677419356,4,1.8857142857142857,62.666666666666664,16,-0.32884696621418896,1.3999999999999997,16.1875,0,0,0.6,1,1,1.6666666666666667,2.1818181818181817,16.333333333333332,0,0,1,2,1,2.6666666666666665,-4,5.178226514486394,-0.03543496092966216,0.4231782265144864,1.064003801854464,0.4461538461538462,0.5652173913043478,5.631419939577044,10.652849740932643,4.549266247379456,1.8870967741935485,1.2222222222222223,63.27777777777778,12.11111111111111,5.1643700787401565,-0.07895395903973108,0.4104330708661417,1.0529860382081242,0.35406698564593303,0.5384615384615384,5.64212328767123,11.055555555555557,4.518518518518518,1.6117021276595744,56.44444444444444,11.222222222222221,-0.058787670622416965,2.193548387096773,19.786516853932586,0,0,0.9285714285714286,2.1666666666666665,0.9714285714285714,1.8888888888888888,4.723076923076923,21.8804347826087,0,0.05555555555555555,1,1.9444444444444444,0.9393939393939394,1.7222222222222223,0.5,1.2777777777777777,-0.02550108238568506,-0.05648586727815923,61.69069958875191,59.357230899455374,1.110545873150809,1.1024346922919763,0.20948801495021618,0.21908829559004994,18.962847269933242,19.83186431401057,5.192519332725748,5.193212654260663,0.016129032258064516,-0.781818181818182,-0.14583333333333215,0,0,-0.4,-1,0,-0.9999999999999998,-1.7580348625235018,-0.8995159408879339,-0.08376040469610221,0.004831990934750763,60.608695652173935,60.608695652173935,1.100267775008537,1.100267775008537,0.2200661348171276,0.22933622088760622,20.00688208272235,20.84965382069499,5.3500425792731905,5.414269359908245,5.255528631344726,-0.048804811309851925,0.42113857432677093,1.1064346338939002,0.3945215759849906,0.3391304347826087,5.82468529707956,11.21478676763651,4.403633822501748,1.5910815939278937,1.5333333333333334,61.56666666666667,19.380461195048884,5.281635336519696,-0.03195872399299523,0.4100896297537276,1.1015679253786006,0.3612774006898854,0.38307692307692304,6.209516396845162,11.368817204301077,4.311111111111111,1.7213069908814589,0.7731182795698924,58.93333333333334,20.23898011668434,-0.16681138885912578,-1.8304443943153628,-1.3146840905390007,-0.03333333333333333,0,-0.20285714285714287,-0.2666666666666668,0.019220779220779183,-0.3,-1.3,19,26,19,19,13,20,22,14,15,28,26,26,13,8,10,13,8,17,19,24,16,8,12,8,28,28,11,24,5,13,17,26,16,31,18,30,20,20,16,10,16,28,6,14,31,1,16,21,18,8,25,14,19,26,23,11,16,3,6,1,1,21,30,21,2,16,1,7,16,20,16.485714285714284,18.408534470388155,18.415938981789942,20.673449391876094,16.11953741504418,20.8838984003079,20.88861535402647,22.656188772508198,19.077325564801477,-0.6342970443505417,-0.6153810957022626,2.405204136885373,-3.7416741555567583,-3.109660974270286,-6.699462305314054,0.42246475625326907,28,27,14,29
2026,3,PIT,4.9728260869565215,-0.16885347111864313,0.3858695652173913,0.9534106252983076,0.27906976744186046,0.041666666666666664,5.10655737704918,10.606060606060604,4.709677419354838,1.3714285714285714,1.6666666666666667,61.333333333333336,8,5.609756097560975,-0.03736915943455204,0.4329268292682927,1.1158459884308045,0.3076923076923077,0.08333333333333333,6.49438202247191,11.722222222222221,4.5600000000000005,1.6875,54.666666666666664,10,-0.32969332331358076,3.25,19.6,0,0,0.75,2,1,1.6666666666666667,5.615384615384615,25.846153846153847,0,0,1,2,1,2,-0.3333333333333333,5.219204655674101,-0.004785963215445687,0.41707080504364696,1.0587932157233768,0.38738738738738737,0.5384615384615384,5.750809061488677,9.869451697127937,4.423728813559323,1.9206349206349207,0.9444444444444444,57.27777777777778,14.11111111111111,5.5547008547008545,0.021710777987054244,0.42735042735042733,1.1170390085217907,0.432,0.7368421052631579,6.3132183908046,11.23980815347722,4.440928270042195,1.9627659574468086,65,14.222222222222221,0.009056532547575269,4.578947368421052,17.094736842105263,0,0,0.8529411764705882,1.6111111111111112,0.9767441860465116,2.3333333333333335,2.8970588235294112,21.445652173913043,0,0,1,1.8333333333333333,0.8780487804878049,2,-0.3333333333333333,1.6666666666666667,-0.001085750245880432,0.01705375691737196,58.45093649489052,61.46761560859507,1.109190375040846,1.1274246336547509,0.23841937970790575,0.22337325967268037,21.581713324591185,20.219739102338583,5.171102139238042,5.4039161862548,0.013440860215053764,-2.365384615384615,-6.246153846153845,0,0,-0.25,0,0,-0.33333333333333326,-0.3659455810017569,-0.6667910678911291,-0.07708652914308754,0.004831990934750763,60.608695652173935,60.608695652173935,1.100267775008537,1.100267775008537,0.21513751444496187,0.22933622088760622,19.5588062045398,20.84965382069499,5.269420277166551,5.4142693599082214,5.210429394409445,-0.03148606180476328,0.4045903091131447,1.1056213350279225,0.3440603394091766,0.3397435897435897,5.493108387712878,10.164095260701004,4.538108255877528,1.7009523809523808,1.2333333333333334,58.900000000000006,20.77255047657063,5.408057455716168,0.01216505052432348,0.4295809881175735,1.1165618901962655,0.38227692307692307,0.47543859649122805,6.385683843471524,11.432773780975221,4.488556962025317,1.8526595744680852,1.0053763440860215,60.86666666666667,20.471704989681143,-0.12644340979688715,0.06297928078113857,-5.109010737546207,0,0,-0.18823529411764708,-0.13333333333333325,0.05921724333522402,0.06666666666666679,-0.3333333333333333,22,22,25,21,28,19,26,26,9,22,18,17,21,20,17,22,13,30,22,25,20,14,4,10,21,16,8,30,5,7,14,18,23,30,24,24,25,19,29,20,8,26,5,15,30,1,23,20,12,17,23,7,9,21,22,19,11,4,2,1,1,20,31,25,2,30,1,7,12,14,17.214285714285715,20.054874333257423,20.052150794232574,22.35961216184232,17.759373659655303,21.041187493742644,21.038113272694744,22.821376926869107,19.251637870808626,-0.20408015883202263,-0.20162357715183987,2.9188505924954553,-3.340945123889522,-1.1903933193172433,-4.833209335042845,2.4570858274686698,20,21,17,20
2026,3,IND,4.705882352941177,-0.059501862761089784,0.4385026737967914,0.9397845993059114,0.35714285714285715,0.17391304347826086,5.480769230769231,9.4,3.7349397590361444,2.0625,2,62.333333333333336,14,6.6402116402116365,0.17166358454131606,0.4973544973544973,1.0435033076106226,0.32432432432432434,0.09523809523809523,7.885714285714286,13.430769230769233,5.083333333333332,2.3823529411764706,63,20,0.2127490017441185,2.5,21.61111111111111,0,0,1,2.6666666666666665,0.8571428571428571,2,6.125,23.842105263157894,0,0,1,2.3333333333333335,1,3.3333333333333335,-0.3333333333333333,5.831849653808114,0.07212119882908512,0.4549950544015826,1.1173954301540938,0.43005181347150256,0.6666666666666666,6.681034482758616,11.347222222222218,4.689095127610205,2.46242774566474,1.2941176470588236,59.470588235294116,18.58823529411765,5.415077202543142,0.0042683220173975606,0.444141689373297,1.0700851419523059,0.4305555555555556,0.5357142857142857,6.356927710843375,11.23929471032746,3.9839816933638446,2.0454545454545454,64.76470588235294,14.470588235294118,-0.059772166583636294,4.276595744680851,20.72043010752688,0,0,0.9444444444444444,2,0.9333333333333333,2.4705882352941178,2.7272727272727275,22.534653465346533,0,0,1,2.235294117647059,1,2.235294117647059,-0.47058823529411764,1.2941176470588236,0.07052603392945692,0.005664113772845231,59.7036993649894,61.258656378171416,1.1183474458038716,1.108642443210075,0.27772842263115793,0.23116086289875562,25.139966418249188,20.92467265479025,5.712969603702368,5.370347415360772,0.002688172043010753,-3.625,-2.230994152046783,0,0,0,0.33333333333333304,-0.1428571428571429,-1.3333333333333335,2.1680910601058834,-0.2438309364201281,-0.027396519631152513,0.004831990934750763,60.608695652173935,60.608695652173935,1.100267775008537,1.100267775008537,0.22611186888421964,0.22933622088760622,20.55651816682189,20.84965382069499,5.185047220315982,5.414269359913624,5.501800650347814,0.03135701250521314,0.44839810215966613,1.1111155774857377,0.40088823094004444,0.4695652173913043,6.200928381962862,10.568333333333332,4.307432980180581,2.302456647398844,1.5764705882352943,60.615686274509805,23.30658711767827,5.387916193181914,0.005331264637607443,0.4654268125657771,1.1052925759294598,0.3880630630630631,0.35952380952380947,6.968442340791739,12.115884518504169,4.423722349351639,2.1802139037433155,0.7775458570524985,64.05882352941177,20.894665121152144,0.049236300747465635,-0.5204061895551263,-1.9809316755105053,0,0,-0.03333333333333335,-0.0078431372549021,-0.09714285714285714,-0.3921568627450981,-0.4156862745098039,10,11,9,6,11,3,13,22,19,7,27,4,19,15,30,15,15,14,28,29,17,27,9,16,5,21,8,27,5,30,19,20,29,21,14,25,15,3,25,28,28,14,6,9,23,1,29,32,31,28,13,8,11,30,30,26,27,8,9,1,1,31,4,29,2,25,1,11,20,14,16.757142857142856,23.84395571753705,23.847156090588058,26.160812102483412,21.490267928088493,20.248834837775902,20.247971117918333,22.068954306363345,18.41960308456197,0.20169080622823468,0.21774394067169206,3.309636666765235,-2.9446839545516226,3.7968116859893817,0.12598088897489967,7.401494462885301,6,8,12,8
2026,3,HOU,4.89,-0.09235127469216017,0.41,0.9957872218363308,0.3333333333333333,0.07407407407407407,5.612403100775193,11.027777777777779,3.5774647887323945,1.411764705882353,0.6666666666666666,66.66666666666667,12,5.40331491712707,-0.008196466386268902,0.39226519337016574,1.1753897412272636,0.36585365853658536,0.08,6.629629629629627,12.125,3.5890410958904106,1.9714285714285715,60.333333333333336,14,-0.2630908832984629,3.9090909090909087,22.63157894736842,0,0,0.8,1.3333333333333333,1,2,3.857142857142857,19.615384615384617,0,0,1,3,1,2,-5,5.113486842105264,-0.030770390238897573,0.39555921052631576,1.057380954967956,0.3931297709923664,0.5714285714285714,5.922857142857144,10.908641975308644,4.015503875968994,1.7972350230414746,1.105263157894737,64,11.789473684210526,4.679999999999999,-0.16072304159238818,0.3609090909090909,1.1273663028242573,0.3413654618473896,0.5,5.135258358662615,10.80169971671388,4.002262443438913,1.4929577464788732,57.89473684210526,11.578947368421053,-0.03683209800509187,4.28125,20.18181818181818,0,0,0.9285714285714286,2.736842105263158,0.9714285714285714,1.7894736842105263,4.9125,19.457943925233643,0.05263157894736842,0.05263157894736842,1,1.0526315789473684,0.9117647058823529,1.631578947368421,4.578947368421052,1.736842105263158,-0.018357297166125462,-0.14189028107957216,62.20178562803032,59.628744740255556,1.1090663266418583,1.1292465954783828,0.20032991309997733,0.21315392894560498,18.133856233334598,19.294685667541753,5.116516050132596,4.726274616705944,0.008064516129032258,0.05194805194805152,3.0161943319838045,0,0,-0.19999999999999996,-1.6666666666666667,0,0,-2.261548837585572,-1.221823128769227,-0.044609759719783496,0.004831990934750763,60.608695652173935,60.608695652173935,1.100267775008537,1.100267775008537,0.21989785992309804,0.22933622088760622,19.99158369996514,20.84965382069499,5.2322868459057394,5.41426935990672,5.1628243684418536,-0.02885828218758868,0.40133552631578945,1.10554690598853,0.3692111959287532,0.3724867724867724,5.798675526024364,10.956296296296298,3.8402882410743544,1.6430468961778262,0.9298245614035088,65.06666666666666,18.876947219986814,5.001472513986254,-0.083201372273843,0.37345153189352087,1.1176550672904444,0.3511607405230679,0.33199999999999996,5.73300686704942,11.331019830028328,3.836973904419512,1.6843460764587528,1.0453310696095075,58.87017543859649,19.916672928803045,-0.1273356121224403,-0.35797077922077913,1.6408022867442442,-0.03157894736842105,-0.03157894736842105,-0.12285714285714283,0.343859649122807,0.035798319327731094,0.09473684210526319,0.7473684210526312,26,21,26,24,19,14,23,17,29,24,5,28,2,1,1,23,5,11,8,23,2,6,3,4,22,20,10,8,6,9,13,9,25,24,20,21,18,13,24,16,30,25,2,12,24,1,25,16,15,6,28,13,8,23,25,5,18,6,5,1,1,14,27,15,2,9,1,7,10,23,14.285714285714286,18.254016080447503,18.256765223922898,20.526141190058592,15.925921689585447,20.191221927690595,20.194273910878195,21.969948243765135,18.37551931112039,0.08205752405135458,0.07485199616413829,3.1954294603055184,-3.019911411057413,-1.8551483231917376,-5.469509032592354,1.7516224065989756,22,28,9,16
2026,3,CAR,6.061538461538461,0.052573894636774275,0.41025641025641024,1.2133017245781956,0.3684210526315789,0.043478260869565216,6.9296875,13.041666666666668,4.402985074626866,2.0833333333333335,1,65,18,5.532663316582912,-0.022220738217335816,0.41708542713567837,1.0891271543205878,0.40425531914893614,0.13636363636363635,5.190000000000001,9.964285714285714,5.87878787878788,2,66.33333333333333,20.666666666666668,0.21752710229297195,8,18.352941176470587,0,0,1,2.3333333333333335,0.8888888888888888,2.6666666666666665,3.1,15,0,0,1,1.3333333333333333,1,3,2.6666666666666665,5.082152974504249,-0.041328869425638,0.4202077431539188,1.0751865216372585,0.3674418604651163,0.6428571428571429,5.564924114671166,10.194285714285716,4.467811158798282,1.7166666666666666,1.3333333333333333,58.833333333333336,12.444444444444445,5.608044901777362,0.07043242222876171,0.431244153414406,1.1317669894566482,0.46153846153846156,0.625,6.508650519031142,11.002777777777776,4.54786150712831,2.0730337078651684,59.388888888888886,14.666666666666666,0.09369257717680222,3.259259259259259,14.54639175257732,0,0,0.8333333333333334,1.3888888888888888,0.8857142857142857,1.7222222222222223,5.271186440677963,18.075949367088604,0,0.05555555555555555,1,1.7222222222222223,0.9782608695652174,2.5,-2.111111111111111,1.2777777777777777,-0.035521755755128004,0.03752181405674334,59.36966394006815,59.91262786830005,1.111493768039132,1.1348727663115283,0.21666956149813235,0.23537318520387177,19.612920594569086,21.305971912137423,5.074663827165871,5.36889395877687,0.021505376344086023,4.9,3.352941176470587,0,0,0,1.0000000000000002,-0.11111111111111116,-0.3333333333333335,-0.8637363180451203,-0.015051382011822767,0.026151455050063284,0.004831990934750763,60.608695652173935,60.608695652173935,1.100267775008537,1.100267775008537,0.23393253204695558,0.22933622088760622,21.267518456964535,20.84965382069499,5.61429127748155,5.4142693599076175,5.290514807292142,-0.010852471433051486,0.41622720999491536,1.1070033708268938,0.3678335373317013,0.40310559006211183,6.1108294688027,11.333238095238098,4.441880725129716,1.8633333333333333,1.2,61.3,20.274759739527266,5.387044119229169,0.024445884807946308,0.42558066290291496,1.1210307697903317,0.4386252045826514,0.42954545454545456,5.981190311418685,10.58738095238095,5.080232055792138,2.0438202247191013,0.775268817204301,62.166666666666664,21.12344467556045,0.14322638722327014,0.7528436911487781,-0.776558098118536,-0.03333333333333333,0,-0.09999999999999998,0.20000000000000004,-0.0999723947550035,-0.6,-0.19999999999999996,18,20,20,18,21,10,14,11,12,13,17,22,18,23,14,25,30,24,15,10,30,21,10,18,2,8,11,20,5,31,24,16,7,10,19,3,14,18,8,4,11,13,3,6,10,1,7,19,14,10,19,18,17,5,8,30,19,2,10,1,1,18,3,2,2,7,1,9,13,5,13.114285714285714,20.769789162778316,20.77897180033373,23.022270022860834,18.49951618499726,21.05723925560663,21.06054606870135,22.849245306222326,19.262805248691812,0.1701051048908691,0.17180576599873554,3.28904449079805,-2.948237127467563,-0.1173449879374428,-3.711526191162117,3.462069207436558,17,15,18,10
2026,3,JAX,5.664670658682634,0.17403641121259275,0.5149700598802395,0.9935389664090545,0.5142857142857142,0,6.9642857142857135,11.407407407407408,4.349397590361446,2.5714285714285716,0.6666666666666666,55.666666666666664,20,5.963636363636364,-0.10439027074243622,0.41818181818181815,1.1390623434090759,0.2647058823529412,0.10526315789473684,7.684782608695651,13.178571428571427,3.794520547945205,1.1785714285714286,55,6,-0.16324341595142355,0.875,22.636363636363637,0,0,0.6666666666666666,1.3333333333333333,1,3.3333333333333335,3.4444444444444446,27.8125,0,0,1,1.6666666666666667,1,1,1.3333333333333333,5.420212765957449,0.03126520027607304,0.4326241134751773,1.1291747537077468,0.4090909090909091,0.5666666666666667,6.283911671924291,11.69337016574586,4.311740890688261,2.1557788944723617,1.1111111111111112,62.666666666666664,18,5.064220183486241,-0.08616808413173131,0.41376146788990825,1.0024714787232412,0.41125541125541126,0.3939393939393939,5.618104667609619,9.919811320754716,4.041775456919059,1.696969696969697,60.55555555555556,13.88888888888889,-0.027685662651772303,5.3939393939393945,19.833333333333336,0,0.1111111111111111,0.8611111111111112,1.7222222222222223,0.9814814814814815,2.9444444444444446,2.870967741935484,16.117647058823525,0,0,1,1.2222222222222223,0.9722222222222222,1.9444444444444444,3.1666666666666665,1.7777777777777777,0.02628150207435049,-0.06928488121306785,61.40230134901596,60.24189218904319,1.1195812710304067,1.0799151387964674,0.26392554295175236,0.23221891509552167,23.890530266457716,21.020447500027387,5.35525702162047,5.102443994782109,0.016129032258064516,-2.5694444444444446,-5.176136363636363,0,0,-0.33333333333333337,-0.3333333333333335,0,2.3333333333333335,1.9597144965811886,-0.1863660292778455,0.07587318557492523,0.004831990934750763,60.608695652173935,60.608695652173935,1.100267775008537,1.100267775008537,0.2409965627312478,0.22933622088760622,21.909730985697365,20.84965382069499,5.475435335415773,5.414269359910824,5.403328347138592,0.046118175474580386,0.4655624920372022,1.1118558726216587,0.45116883116883116,0.33999999999999997,6.55606128886886,11.578985062410478,4.326803570557535,2.3220387652548458,0.9333333333333333,59.86666666666666,23.098210554153574,5.227174140833595,-0.0396381323539404,0.4155296080066722,1.0880561932812953,0.35263559969442326,0.2784688995215311,6.444775844044032,11.223315363881401,3.9428734933295173,1.4896103896103896,1.0731182795698924,58.333333333333336,20.952130028294427,-0.0819087639716328,0.48600521342456826,0.15895721925134065,0.06666666666666667,0,-0.21666666666666667,0.1666666666666666,0.00555555555555558,1.5333333333333337,2.433333333333333,13,9,8,3,4,18,11,9,17,6,6,5,10,6,11,4,6,4,23,21,4,3,1,17,15,14,3,14,5,17,1,2,9,6,4,22,2,20,7,12,13,4,2,5,6,1,9,25,4,12,24,3,12,28,29,7,1,3,1,1,1,26,19,26,2,29,1,7,1,9,9.757142857142858,24.32696487346785,24.324122135000522,26.6426006636965,21.99380726142075,20.94237597048808,20.937238220924417,22.749587995725125,19.137315772248513,-0.3096771527216664,-0.2987072792658851,2.710814308174337,-3.381070917347454,3.0749117502581056,-0.5245794281752185,6.60382697614571,9,5,15,21
2026,3,NYG,4.6327683615819195,-0.035298975533538106,0.423728813559322,0.8789405853808959,0.37209302325581395,0.045454545454545456,5.1,9.392156862745098,4.149425287356321,1.5,0.6666666666666666,59,8,6,0.11730440718788873,0.48484848484848486,0.9439077991464728,0.5,0,6.673267326732674,10.194029850746269,4.9375,1.7142857142857142,55,16,0.3277469740871483,1.2,20.636363636363637,0,0,1,2,1,1.3333333333333333,5.384615384615385,17.083333333333332,0,0,0,0,0.875,2.3333333333333335,5,5.265987025023171,0.012339335499502248,0.4068582020389249,1.1057638179236104,0.40358744394618834,0.46153846153846156,6.0381944444444455,11.464396284829723,4.381709741550697,2.0406976744186047,1,63.470588235294116,15.529411764705882,5.9525193798449605,0.08739449008714942,0.4496124031007752,1.1407741633381412,0.4,0.7272727272727273,6.193548387096775,10.916201117318435,5.632054176072234,2.1,60.705882352941174,16.705882352941178,0.034084667759456386,3.9821428571428568,21.577777777777776,0.058823529411764705,0,0.8846153846153846,1.3529411764705883,0.8571428571428571,2.1176470588235294,6.237288135593222,18.569767441860463,0,0.11764705882352941,1,1.8823529411764706,0.9111111111111111,2.411764705882353,-2.235294117647059,0.8823529411764706,0.0031714412157145266,0.05721253933055114,61.81929490519086,60.33459335054362,1.1159043489140985,1.1388519768308203,0.2365059693497511,0.2484682669676661,21.408511490610287,22.49133822310816,5.203333850676449,5.652044965095794,0.013440860215053764,-4.184615384615385,3.5530303030303045,0,0,1,2,0.125,-1.0000000000000002,-0.43845644694789243,0.6961684045706171,-0.015691860839301224,0.004831990934750763,60.608695652173935,60.608695652173935,1.100267775008537,1.100267775008537,0.2160012583380456,0.22933622088760622,19.637331790645806,20.84965382069499,5.171564650187886,5.414269359910066,5.190626170481024,-0.004373879606291774,0.41360644664708374,1.109649719351874,0.39098967567003856,0.2951048951048951,5.662916666666668,10.635500515995874,4.288795959872946,1.8244186046511628,0.8666666666666667,61.68235294117647,20.700039610624493,5.556934723021502,0.03626031997223099,0.4637068357998591,1.123418296101907,0.44,0.43636363636363634,6.385435962951135,10.627332610689567,5.35423250564334,1.9457142857142857,0.5347881087919039,58.423529411764704,21.83466446214289,0.15154959029053316,-3.026933320916373,3.226018322762509,-0.07058823529411765,0.03529411764705882,0.33076923076923076,0.4823529411764707,0.017619047619047604,-0.5764705882352942,0.6588235294117648,24,18,21,11,14,28,24,21,20,18,3,19,27,26,27,27,31,25,21,12,32,17,23,23,1,32,13,4,2,14,22,11,31,18,17,31,13,17,30,29,18,23,2,15,18,1,30,26,27,27,6,28,1,24,11,24,12,4,6,1,1,23,1,31,2,5,1,5,18,1,16.985714285714284,20.281176927921305,20.28015226608343,22.569470681215545,17.966857757047784,22.325169242071446,22.318763555336897,24.17750329724588,20.450282921975578,2.1481328193683513,2.1553555616001523,5.613056016664764,-1.3860626374436964,0.10414050521820961,-3.869487802371491,4.005023400634428,16,19,25,1
2026,3,KC,6.56020942408377,0.18402489497423927,0.5078534031413613,1.0836260873181074,0.4358974358974359,0.19047619047619047,7.73529411764706,12.119402985074625,5.213483146067414,2.4375,0.6666666666666666,63.666666666666664,20,4.7443181818181825,-0.09209293169206752,0.36363636363636365,1.0449890049139867,0.3333333333333333,0.07692307692307693,5.404040404040405,9.338983050847457,3.8961038961038965,1.4516129032258065,58.666666666666664,10,-0.20728729306719104,1.5,22.142857142857142,0,0,0.75,2,1,3.3333333333333335,5.142857142857143,24,0,0,1,1.6666666666666667,1,1.6666666666666667,2.6666666666666665,5.217557251908408,0.034882910559377554,0.4446564885496183,1.0436499882490695,0.37962962962962965,0.75,5.773375594294778,10.873278236914603,4.3764988009592285,1.9588235294117646,0.8823529411764706,61.64705882352941,13.647058823529411,5.258691206543965,-0.01915123747304297,0.4222903885480573,1.0141460260474426,0.44144144144144143,0.2608695652173913,6.111926605504588,10.255882352941176,4.184757505773671,1.6863905325443787,57.529411764705884,11.294117647058824,-0.022666923258607474,4.245901639344263,21.860759493670887,0,0,0.868421052631579,1.9411764705882353,0.8857142857142857,1.8235294117647058,5.196428571428573,20.850574712643677,0,0,1,1.8235294117647058,0.96875,1.8235294117647058,0.35294117647058826,0.8235294117647058,0.028858937632990966,-0.016269926090805516,60.78614985725561,59.54285781954301,1.1065682120658717,1.0838360725276994,0.2237418089633536,0.21854569637623336,20.253100170331614,19.782748253491143,5.17696557092195,5.22210831299322,0.013440860215053764,-3.6428571428571432,-1.8571428571428577,0,0,-0.25,0.33333333333333326,0,1.6666666666666667,-0.38053507636826467,-0.9289855771995903,0.08570059352144968,0.004831990934750763,60.608695652173935,60.608695652173935,1.100267775008537,1.100267775008537,0.23665748471678438,0.22933622088760622,21.515252197512886,20.84965382069499,5.760406576349884,5.414269359903761,5.410341973093123,0.05159559998837446,0.4699352543863155,1.1040480372429378,0.40213675213675215,0.5261904761904761,6.558143003635691,11.37172813617861,4.711292539002503,2.150294117647059,0.7960784313725491,62.45490196078431,20.75796098120412,5.298972731757437,-0.007829159280583003,0.39882877858337984,1.0904087535200344,0.39819819819819813,0.18729096989966554,5.828772124918915,9.889122632103689,4.069296061905761,1.5924794808169498,0.499493991144845,57.984313725490196,20.209510480372682,-0.0965150711820409,-2.0274590163934434,-0.1367462742408173,0,0,-0.17894736842105263,0.20392156862745098,-0.04982142857142859,0.6666666666666667,1.2784313725490195,12,8,6,27,10,1,10,10,6,12,2,18,14,13,5,7,21,1,11,4,6,5,25,7,18,30,8,16,5,25,9,6,4,4,5,15,5,2,5,9,6,7,2,5,5,1,4,3,6,3,15,10,7,6,4,10,6,4,2,1,1,6,24,30,2,23,1,7,3,5,8.8,22.94578520249252,22.94916546971099,25.280573284038873,20.631227342765072,21.538837939472042,21.544083263840488,23.37238787309943,19.71436810185103,-0.6771173029430785,-0.6761052360756153,2.3578548240125206,-3.7511902584690575,0.7298299600773986,-2.8343310175550145,4.266040234951962,15,11,21,30
2026,3,MIN,4.363636363636364,-0.11897136056971372,0.296969696969697,1.1491018341033368,0.25,0.07142857142857142,4.975903614457831,11.26829268292683,3.7439024390243905,1.6285714285714286,0.6666666666666666,55,12.666666666666666,4.794999999999999,-0.1805005368062541,0.315,1.184717682976505,0.20408163265306123,0.06060606060606061,5.527559055118113,13.724137931034484,3.5205479452054798,1.2162162162162162,66.66666666666667,6,0.04180220098679735,8.125,27.153846153846153,0,0.3333333333333333,1,2.3333333333333335,1,2,4.833333333333334,23.764705882352942,0,0,1,2.3333333333333335,0.6666666666666666,0.6666666666666666,3.3333333333333335,4.977730646871684,-0.11549918342923039,0.41251325556733826,1.031127500049389,0.3229166666666667,0.625,5.1882998171846415,10.765100671140937,4.686868686868688,1.7445652173913044,1.6470588235294117,55.470588235294116,11.882352941176471,4.737463126843663,-0.0994587308710358,0.415929203539823,0.9514754355079954,0.3452914798206278,0.6956521739130435,5.43548387096774,10.827956989247312,4.072936660268715,1.5824175824175823,59.8235294117647,10,-0.018525855950450337,4.328571428571428,20.975903614457827,0,0,0.9428571428571428,1.9411764705882353,1,1.8235294117647058,3.553846153846154,0,0,0,1,2.1176470588235294,1,1.8235294117647058,-0.5294117647058824,1.2941176470588236,-0.10129290308897823,-0.09530656956816257,57.34105190126885,60.04683051184526,1.1059016976115341,1.0584888773065413,0.22105551284985064,0.201867756025754,20.009936746713908,18.27306171739811,4.929849576517569,4.741837349322961,0.016129032258064516,3.291666666666666,3.3891402714932113,0.3333333333333333,0,0,0,0.33333333333333337,1.3333333333333335,-0.8355232460401929,-1.834797498855412,-0.049790780222382015,0.004831990934750763,60.608695652173935,60.608695652173935,1.100267775008537,1.100267775008537,0.2281578760886997,0.22933622088760622,20.742526908759622,20.84965382069499,5.112375434972158,5.414269359902674,5.002859919899405,-0.08069205394233975,0.36629583212828176,1.1036481285703355,0.29375,0.4035714285714286,5.1033413360939175,10.966377475855294,4.309682187730969,1.698167701863354,1.2549019607843137,55.28235294117647,20.302972811532193,5.010810153554846,-0.05525114536699723,0.3755575221238938,1.0752004363873398,0.28880754095360117,0.4416337285902503,5.4723139446278894,11.98642936596218,3.851981174243421,1.435937035937036,0.78292220113852,62.56078431372549,19.30369855871686,0.005605366824448741,1.781501831501831,13.94119827727198,0.13333333333333333,0,-0.034285714285714294,-0.1058823529411765,0.13333333333333336,0.5333333333333334,1.015686274509804,28,30,31,28,32,9,30,16,18,23,19,21,3,3,2,1,1,26,4,28,3,2,7,2,7,4,1,1,5,1,10,7,32,25,31,6,28,14,31,14,27,21,2,11,25,1,32,4,1,1,29,1,4,7,31,4,2,3,1,1,1,3,8,4,1,6,1,1,4,4,11.785714285714286,20.59648824278624,20.598253769483364,22.96507638376656,18.23733138111359,18.901028997636622,18.89990189592661,20.736734482722646,17.050577527431606,1.5655204654493922,1.5776880482518094,4.73981815163984,-1.662885267364828,3.2609797105990097,-0.47613141368284295,6.968160052683755,7,16,2,2
2026,3,LV,5.141304347826088,-0.007390813187768003,0.4076086956521739,1.113642175287629,0.35555555555555557,0.09090909090909091,6.414141414141414,10.661290322580644,3.6588235294117646,2.1666666666666665,1.3333333333333333,61.333333333333336,20,5.16304347826087,-0.17747279420315523,0.45108695652173914,0.9012671822315296,0.37209302325581395,0,5.669811320754716,11.305084745762711,4.4743589743589745,1.3714285714285714,61.333333333333336,14,-0.025039793620972653,5.333333333333334,17.75,0,0,1,2,1,2.6666666666666665,2.333333333333333,19.88888888888889,0,0,1,0.6666666666666666,0.8571428571428571,2,4.666666666666667,4.4331210191082775,-0.21535989877332426,0.37579617834394907,1.0540349170099998,0.3380281690140845,0.40625,4.935986159169554,9.75,3.6346153846153837,1.2857142857142858,1.3529411764705883,55.411764705882355,8.941176470588236,5.146110056925997,0.024258005912999148,0.43927893738140417,1.0409360770042457,0.4669603524229075,0.65,6.080071174377224,10.150417827298053,4.079268292682928,2.056179775280899,62,16,-0.07822744435332481,2.836065573770492,19.627659574468087,0,0,0.8148148148148148,1.2941176470588236,0.9545454545454546,1.2352941176470589,5.405405405405406,20.904761904761905,0.058823529411764705,0.11764705882352941,1,1.7647058823529411,1,2.588235294117647,-3.823529411764706,0.9411764705882353,-0.15396489366364263,0.012509523442640304,57.67388372110448,60.51005906937431,1.1094447975174666,1.0937587347500282,0.19427394671781706,0.24388507592706068,17.58567038316056,22.07646794171005,4.62499438863427,5.14678070416363,0.024193548387096774,3.000000000000001,-2.1388888888888893,0,0,0,1.3333333333333335,0.1428571428571429,0.6666666666666665,-1.881418504492327,0.4472462357317539,-0.0020707338788096188,0.004831990934750763,60.608695652173935,60.608695652173935,1.100267775008537,1.100267775008537,0.23939566288047054,0.22933622088760622,21.76418830795931,20.84965382069499,5.325435550164005,5.41426935990578,4.9051708532461635,-0.09320722974970942,0.388521185267239,1.1057739885138949,0.3450391236306729,0.28011363636363634,5.527248261158298,10.114516129032257,3.6442986425339363,1.638095238095238,1.3450980392156864,57.780392156862746,19.25707755308006,5.25377616646049,0.009438510439484488,0.44400214503753815,1.0963623508534317,0.4290134207560701,0.39,5.915967232928221,10.612284594683917,4.237304565353346,1.7822792937399679,0.5743833017077798,61.733333333333334,21.585742293304026,-0.05695238406038394,-0.341603898980948,-1.6218169537318468,-0.07058823529411765,-0.03529411764705882,-0.11111111111111113,0.2509803921568629,0.029870129870129915,-0.5450980392156863,-0.42745098039215645,30,31,27,20,27,31,25,28,32,25,23,27,12,18,23,10,27,20,12,11,10,11,22,20,12,19,13,26,7,11,21,21,19,17,22,11,16,11,11,19,29,11,4,5,17,1,19,12,2,22,4,14,1,8,18,18,4,1,5,1,1,13,13,6,2,24,1,4,8,2,14.971428571428572,19.130858511318454,19.122429066817674,21.477305976107115,16.842377631162915,20.101156723789355,20.098327463521546,21.898201043375764,18.32988134745016,0.15022847061827857,0.1475462801150001,3.233578337264696,-2.961917720745151,-0.8200697418526224,-4.449421437032397,2.8126832699960467,19,26,8,13
2026,3,SEA,6.202247191011235,0.05093522069933731,0.4550561797752809,1.133882776838023,0.2972972972972973,0.09090909090909091,8.08080808080808,12.176470588235295,3.8481012658227853,2.1818181818181817,1.3333333333333333,59.333333333333336,18,3.8870056497175143,-0.15628618616028991,0.3615819209039548,0.8803926079463054,0.25,0.14814814814814814,4.292929292929292,7.728813559322034,3.3717948717948714,1.21875,59,10,-0.19905410734802353,3.7222222222222223,19.90909090909091,0,0,1,1.3333333333333333,1,3,0,20.6875,0,0,1,1,0.8333333333333334,1.6666666666666667,2.3333333333333335,5.914767932489457,0.04479649338768345,0.4379746835443038,1.1003190274177435,0.4024896265560166,0.5833333333333334,7.466003316749582,12.427821522309715,4.307560137457044,2.2227272727272727,1.35,59.25,16.2,4.755823293172693,-0.12282899057050713,0.3887550200803213,1.0302079147072924,0.3283582089552239,0.4897959183673469,5.270833333333332,10.049886621315192,3.926624737945493,1.4669603524229076,62.25,10.5,0.007482973541394655,5.523809523809524,17.731707317073173,0.1,0.1,0.875,2.45,1,2.95,4.522388059701492,18.728,0,0.05,1,1.45,0.9666666666666667,1.45,5.4,1.55,0.03994148997570018,-0.11788021834568349,59.43664732014627,60.68452553847688,1.1167880871182811,1.089004744049695,0.2566253555991472,0.1990861748668078,23.229717580623404,18.021273095034413,5.739524634806633,4.748394998069626,0.010752688172043012,3.7222222222222223,-0.7784090909090899,0,0,0,0.33333333333333326,0.16666666666666663,1.3333333333333333,1.4113346881370141,-1.9858706722736308,0.02459048305653941,0.004831990934750763,60.608695652173935,60.608695652173935,1.100267775008537,1.100267775008537,0.23681970891763887,0.22933622088760622,21.530000493338395,20.84965382069499,5.644811180766281,5.414269359898387,5.701639253190493,0.03380108720803587,0.4448072820366946,1.1101799622743835,0.3604126948525289,0.3863636363636364,7.71192522237298,12.327281148679948,4.12377658880334,2.206363636363636,1.3433333333333333,59.28333333333333,22.5498307457094,5.014744742801131,-0.06879533463350979,0.3778857804097747,1.0935099564332318,0.29701492537313434,0.35313681027966737,4.879671717171716,9.121457396517929,3.704692791485244,1.3676762114537446,0.9343010752688171,60.95,19.15262538529864,-0.07513185881437263,2.0897417673537078,-0.909139246119733,0.03,0.06,-0.075,0.7333333333333334,0.08666666666666664,1.4333333333333336,4.173333333333334,5,10,11,9,25,13,2,4,26,10,22,8,4,2,3,8,2,13,1,1,1,1,5,1,13,2,6,21,1,5,2,1,6,11,11,9,23,11,3,8,22,10,4,6,11,1,6,1,3,2,3,2,18,1,1,3,3,5,2,1,1,1,23,3,2,19,1,3,5,6,6.985714285714286,24.23448881591187,24.23633459876347,26.578940761777094,21.893647804600363,19.693036729418356,19.696597224027087,21.508271728059462,17.866158575533532,0.8664343934394942,0.866348321670841,3.9326842324246614,-2.251607789901954,5.407886479933008,1.7758814391648765,9.003353266142293,1,6,4,3
2026,3,DET,5.619289340101523,0.13339210146854416,0.5177664974619289,0.997512349307273,0.3888888888888889,0.13636363636363635,6.405172413793102,10.415584415584414,4.493827160493827,2.53125,0.3333333333333333,65.66666666666667,24,5.837209302325582,0.14898001003584424,0.4744186046511628,1.171523390957565,0.48936170212765956,0.2,6.521739130434783,11.38372093023256,4.6103896103896105,2.625,71.66666666666667,26.666666666666668,-9.425424860332876e-4,4.6,19.166666666666668,0,0,1,1,1,4,4.384615384615384,17,0,0,1,0.6666666666666666,0.9,3,2,6.048525214081828,0.08220296847497531,0.4357754519505233,1.2340060809418045,0.38967136150234744,0.5806451612903226,6.951534733441032,11.591370558375635,4.75462962962963,2.229946524064171,0.8823529411764706,61.8235294117647,19.764705882352942,5.447115384615383,-0.009908506728384616,0.40576923076923077,1.2095725446964838,0.37264150943396224,0.65625,6.0738916256157625,11.774853801169588,4.561484918793506,1.9787234042553192,61.1764705882353,16.941176470588236,-0.16013896722205923,4.409090909090909,19.296703296703296,0,0.058823529411764705,0.7941176470588235,1.588235294117647,0.9642857142857143,3.176470588235294,3.0892857142857135,20.232323232323232,0,0,1,1.6470588235294117,0.975,2.2941176470588234,1.0588235294117647,1.1176470588235294,0.05729192432438161,-0.017371077496647954,60.8742876771131,60.494754478814954,1.1335437383314622,1.1649887308557338,0.2803711147123363,0.24796540345197657,25.379182806493432,22.445819036495458,5.761378099214715,5.317637321512738,0.010752688172043012,0.2153846153846155,2.166666666666668,0,0,0,0.33333333333333337,0.09999999999999998,1,2.945585265597572,0.6688568926029994,0.06321596393344767,0.004831990934750763,60.608695652173935,60.608695652173935,1.100267775008537,1.100267775008537,0.24354513116128595,0.22933622088760622,22.141429098184744,20.84965382069499,5.4681654930957615,5.414269359909793,5.644093056767133,0.05966154016800804,0.46857187015508556,1.120233353002292,0.38935837245696403,0.4029325513196481,6.732989805581861,11.121056101259146,4.650308641975308,2.350467914438503,0.6627450980392157,63.36078431372549,24.084081323169958,5.356290136871559,-0.008489850124088467,0.4332289803220036,1.1391003485168552,0.41932958651144114,0.47375,6.253030627543371,11.618400652794776,4.581046795431948,2.2372340425531916,0.6748893105629348,65.37254901960785,21.80735295017527,-0.09646039732764884,0.8780369630369637,0.3052947052947055,0.03529411764705882,0,-0.1235294117647059,0.09803921568627452,0.033571428571428585,0.9294117647058824,1.4352941176470588,7,5,7,1,15,11,8,15,7,4,1,3,16,12,19,32,25,29,20,26,25,28,17,22,17,6,4,13,5,10,5,5,10,7,3,20,9,5,12,21,10,5,1,2,7,1,10,23,29,25,27,27,21,22,20,20,30,5,13,1,1,22,11,13,2,11,1,6,6,7,12.657142857142857,24.08586267164842,24.08407471094536,26.426416937571204,21.73708793199902,20.201495147020903,20.20518429847385,22.048726132439977,18.343777236867798,0.2924785987742459,0.2939384403572257,3.401152533652943,-2.761186153364244,4.176846123401764,0.6321245417669794,7.77884333878417,4,7,10,6
2026,3,TEN,4.7643312101910835,-0.06590371892002372,0.3821656050955414,0.936993344388126,0.38461538461538464,0.043478260869565216,5.129032258064518,9.163636363636364,4.234375,1.1379310344827587,1,52.333333333333336,8,5.026455026455027,0.033270500742964206,0.41798941798941797,1.0435456021963065,0.37777777777777777,0.11538461538461539,6.370786516853932,10.11864406779661,3.83,1.8,63,10,-0.275380346123132,3.8181818181818183,14.466666666666667,0,0,0.75,1,1,1.3333333333333333,4.5,6.333333333333333,0,0,1,2.6666666666666665,1,1.6666666666666667,-5.333333333333333,4.4452261306532685,-0.1596687666347315,0.36381909547738694,1.0622583347940335,0.31896551724137934,0.45714285714285713,4.532905296950238,9.532352941176471,4.298387096774195,1.4262295081967213,1.1764705882352942,58.529411764705884,8.470588235294118,5.940524193548388,0.10134580263796757,0.43548387096774194,1.1603877377917715,0.405,0.75,7.0232974910394255,11.923728813559327,4.548387096774193,2.282608695652174,58.35294117647059,18,-0.08801978571321463,6.138461538461538,16.69,0,0.11764705882352941,0.8055555555555556,1.7058823529411764,0.9642857142857143,1.588235294117647,4.692307692307692,16.625,0,0,1,1.8823529411764706,0.9803921568627451,2.9411764705882355,-1.1764705882352942,0.7058823529411765,-0.09035764013358645,0.07507599568562809,59.245458786117915,59.68659413738341,1.111966760228763,1.1445921861583517,0.18789589527107675,0.2642431364525798,17.008329404999802,23.919278818261713,4.751165613378783,5.696395471398868,0.005376344086021506,-0.6818181818181817,8.133333333333333,0,0,-0.25,-1.6666666666666665,0,-0.3333333333333335,-2.95841521643284,1.552932761662749,-0.026983416812004647,0.004831990934750763,60.608695652173935,60.608695652173935,1.100267775008537,1.100267775008537,0.21930525293784334,0.22933622088760622,19.937707995349157,20.84965382069499,5.2281004892360965,5.41426935990517,4.941939563721709,-0.06500795080495372,0.3711576993246487,1.1072871661406727,0.34522546419098143,0.29167701863354034,4.77135608139595,9.38486631016043,4.272782258064517,1.3109101187111363,1.1058823529411765,56.050980392156866,18.180080841139546,5.583545026801389,0.046978393785277156,0.42848608977641234,1.126862421698426,0.3941111111111111,0.4961538461538461,6.762293101365228,11.20169491525424,4.261032258064516,2.0895652173913044,0.42567994939911447,60.21176470588235,22.69142881923502,-0.1629640098771816,0.59496503496503506,3.292333333333334,0.07058823529411765,0,-0.21666666666666665,-0.7725490196078432,-0.009663865546218453,-0.9450980392156865,-2.83921568627451,29,29,30,16,26,30,32,31,22,32,15,32,29,28,16,28,19,31,27,17,14,24,27,30,27,12,2,3,5,20,28,31,27,23,26,26,10,18,28,31,14,29,3,15,22,1,26,9,20,11,14,16,14,19,10,9,15,7,2,1,1,9,29,19,2,1,1,7,13,24,18.485714285714284,17.93237584663516,17.926445640752007,20.301955665012255,15.55804003048432,22.21124140202647,22.207212324936688,24.012073499993445,20.399645749092123,-0.35510669396971856,-0.35305840607578853,2.728605345414168,-3.4490374038614036,-4.633972249361028,-8.290643122469207,-0.9815124895670224,31,30,24,22
2026,3,LA,6.546875,0.013284415569971429,0.5,0.9298666372451407,0.39473684210526316,0.10526315789473684,7.344827586206897,12.82608695652174,5.328947368421053,1.8181818181818181,2,64,14,4.541436464088399,-0.06959013814736112,0.39779005524861877,1.0042532967628275,0.38636363636363635,0.045454545454545456,4.933333333333333,9.321428571428573,4,1.6551724137931034,60.333333333333336,13.333333333333334,-0.27510405836169693,5.3076923076923075,18.642857142857142,0,0,0.8,1.3333333333333333,1,2.3333333333333335,5.6,22,0,0,1,1.3333333333333333,1,1.6666666666666667,0.6666666666666666,6.327777777777776,0.14452609140567785,0.5007936507936508,1.0666477398181247,0.37777777777777777,0.6571428571428571,7.349527665317138,12.4295154185022,4.868978805394992,2.477064220183486,0.85,63,21.6,5.2678151918559175,-0.04674947309203723,0.41033672670321064,1.063546732026931,0.3828996282527881,0.5098039215686274,5.94993412384717,10.885650224215242,4.268339768339765,1.7345971563981042,63.85,13.5,-0.05866131229328618,3.5205479452054798,18.98936170212766,0,0,0.8235294117647058,1.4,0.9594594594594594,3.55,5.676923076923077,8.596638655462185,0,0.05,1,1.5,0.9761904761904762,2.05,0.9,1.55,0.12888717783477413,-0.052408712537077753,61.61043723992393,61.1129939504485,1.1091500354527122,1.1066905988937945,0.2994487065322978,0.21926063280369112,27.10608570375956,19.847464272136957,6.098378915450923,5.127540558287139,0.008064516129032258,-0.29230769230769216,-3.3571428571428577,0,0,-0.19999999999999996,0,0,0.6666666666666667,3.334162784352497,-0.8901559660121023,0.013611150829056028,0.004831990934750763,60.608695652173935,60.608695652173935,1.100267775008537,1.100267775008537,0.22573788935006014,0.22933622088760622,20.522518549172865,20.84965382069499,5.753992120169646,5.414269359900572,5.960624197338412,0.08277676703248689,0.5004761904761905,1.1055971312750421,0.38456140350877194,0.43639097744360905,7.347647633673041,12.588144033710016,5.052966230605416,2.213511259382819,1.31,63.4,24.472658841924883,5.242232078932512,-0.02951243114834634,0.4053180581213739,1.1041214693396917,0.3842852314971274,0.3240641711229946,5.543293807641635,10.259961563100575,4.161003861003859,1.7028272593561038,0.9332258064516128,62.44333333333334,20.24834009156017,-0.14523841072065047,-1.4107481559536352,4.892776685142142,-0.03,0,-0.1858823529411765,-0.06000000000000005,-0.01003861003861004,1.1666666666666665,0.8066666666666666,1,3,2,23,16,6,4,2,4,9,21,2,11,11,8,14,14,10,5,5,8,7,6,9,23,26,9,2,5,21,3,8,5,15,6,28,8,10,6,6,5,17,6,9,14,1,5,2,8,7,11,17,3,2,3,11,10,6,4,1,1,2,28,18,2,26,1,7,7,11,8.957142857142857,23.772792891138533,23.776687845436218,26.150262863261194,21.406499123365087,20.091867050933075,20.094436550874974,21.88063263393948,18.287307703342304,-0.47020633467471573,-0.46818468561954873,2.6272773148482966,-3.587903843108799,3.210719505530742,-0.4687124230860156,6.896907544170009,8,9,6,24
2026,3,CIN,5.5227272727272725,0.05848760820364061,0.45454545454545453,1.0798380706200987,0.4318181818181818,0.08695652173913043,6.327272727272726,10.178082191780822,4.181818181818182,2.4,0.6666666666666666,58.666666666666664,14,5.8469945355191255,-0.09294484377649423,0.4371584699453552,1.0083696001809586,0.40476190476190477,0,6.239999999999999,11.958333333333332,5,1.78125,61,10,0.31047195527905536,3.1666666666666665,26,0,0,1,2.6666666666666665,1,2.6666666666666665,4.545454545454545,21.105263157894736,0,0,1,2.3333333333333335,1,2,1.6666666666666667,5.355576739752144,-0.00845372991290238,0.43660629170638704,1.0461515320034547,0.44036697247706424,0.7,5.921713441654354,10.300970873786406,4.3252688172043,2.316666666666667,1.411764705882353,61.705882352941174,16.823529411764707,6.276328502415463,0.12981742202495947,0.46859903381642515,1.113316494360993,0.4405940594059406,0.6666666666666666,6.968476357267954,11.997126436781606,5.424568965517243,2.164772727272727,60.88235294117647,18.352941176470587,-0.009184550096822758,4.230769230769231,0,0.058823529411764705,0,0.8928571428571429,1.4705882352941178,0.9111111111111111,2.411764705882353,4.26153846153846,22.179775280898877,0,0,1,1.3529411764705883,0.9821428571428571,3.235294117647059,-0.11764705882352941,1.2352941176470589,-0.006132008863739664,0.10503258025958329,60.79978312976337,60.51279926312496,1.107581033598243,1.1242009092817988,0.2525179409830751,0.25965834838852686,22.857914563360694,23.50426397436093,5.286384461662226,5.975841057780458,0.016129032258064516,-1.3787878787878785,4.894736842105264,0,0,0,0.33333333333333304,0,0.6666666666666665,0.905894605033712,1.3039238553222852,0.027519522082404387,0.004831990934750763,60.608695652173935,60.608695652173935,1.100267775008537,1.100267775008537,0.2290551940047377,0.22933622088760622,20.824104811474204,20.84965382069499,5.440800411745051,5.414269359910816,5.348150841695356,0.007328603514717957,0.44378195684201405,1.1046557301623605,0.4369474562135113,0.4547826086956522,6.083937155901703,10.251815400984173,4.267888563049853,2.35,1.1137254901960785,60.490196078431374,22.044390662606098,5.7512123786326015,0.06495234452965026,0.4560228082679971,1.114627655572494,0.42626119754832625,0.39999999999999997,6.6770858143607725,11.981609195402296,5.254741379310346,2.0113636363636362,0.7476280834914611,60.92941176470589,22.442419912894557,0.1186780520535285,-0.5699766899766887,-11.349970431697221,0,0.03529411764705882,-0.06428571428571425,0.20392156862745087,-0.0426190476190476,-0.227450980392157,0.5960784313725491,15,14,12,26,6,4,15,25,23,5,16,10,31,30,24,21,26,22,25,27,31,19,15,29,3,22,8,32,2,24,15,12,12,9,12,16,6,12,14,23,17,8,2,9,9,1,12,24,5,18,12,19,1,17,24,25,14,3,2,1,1,25,2,24,2,4,1,7,8,8,14.257142857142858,23.704981106728788,23.703179098268762,26.060078530993696,21.376374640592083,22.41038394147312,22.402794823548987,24.210971567618454,20.608016790802694,0.1314610438237608,0.12012291524296703,3.328454747451412,-2.9847757565598654,1.4260582090794274,-2.2164179067704763,5.177561710826653,12,10,26,14
2026,3,PHI,5.347058823529412,-0.04618406870452778,0.4,1.2674844276129185,0.4634146341463415,0.05,5.989583333333334,11.071428571428573,4.513513513513514,1.6551724137931034,1.6666666666666667,56.666666666666664,14,5.17741935483871,0.07594107548717131,0.41397849462365593,1.1143216269556433,0.34782608695652173,0.2,6.293478260869566,10.8,4.085106382978724,2.1,62,16,-0.048329826179642904,6.333333333333333,9.666666666666668,0,0,1,0.6666666666666666,1,2.3333333333333335,5.923076923076923,26.09090909090909,0,0,1,1.6666666666666667,0.8571428571428571,2,-2.6666666666666665,5.266166822867851,0.02131527456804427,0.41611996251171507,1.0843838294602903,0.3721973094170404,0.56,6.109154929577461,10.846153846153848,4.306613226452906,1.7777777777777777,0.7222222222222222,59.27777777777778,15.11111111111111,5.101694915254238,-0.0699997569382363,0.423728813559322,1.0109628571651181,0.4152542372881356,0.3793103448275862,5.71382113821138,11.484756097560975,4.357707509881424,1.7277486910994764,62.27777777777778,12.555555555555555,-0.1461840306905006,3.5147058823529407,18.172839506172842,0,0,0.7586206896551724,1.2222222222222223,0.9545454545454546,2.3333333333333335,4.763157894736839,19.701149425287355,0,0,1,1.6666666666666667,0.8823529411764706,1.6666666666666667,-0.6666666666666666,1.2777777777777777,-0.003732319467250553,-0.07850141877896502,59.61630709512388,60.628614215645676,1.1116199971301948,1.0803764447692432,0.23865926157370765,0.21341878146243592,21.603427422102246,19.31866010744905,5.119052595581328,4.990393811236644,0,0.4102564102564097,-16.424242424242422,0,0,0,-1,0.1428571428571429,0.3333333333333335,0.19425530510687494,-1.2074384648248468,-0.01860831235052101,0.004831990934750763,60.608695652173935,60.608695652173935,1.100267775008537,1.100267775008537,0.23018410200455752,0.22933622088760622,20.92673727354478,20.84965382069499,5.390303829890324,5.41426935990578,5.2275530893049265,-0.009682716620558736,0.40967197750702905,1.1070791082815317,0.40868423930876085,0.35600000000000004,6.06132629107981,10.936263736263738,4.38937334127715,1.728735632183908,1.1,58.233333333333334,21.33275136267926,5.159944030704299,-0.04516805489347871,0.4198286859850556,1.0883329768649608,0.38828297715549004,0.3075862068965517,5.945683987274656,11.210853658536585,4.2486670591203435,1.8766492146596858,0.7666666666666666,62.16666666666667,19.931057592747425,-0.10704234888615752,-0.5849686433277751,-7.486682921165677,0,0,-0.14482758620689656,-0.6666666666666667,0.10045836516424758,0.5333333333333334,-1.4666666666666666,21,19,22,17,8,17,16,18,16,20,13,14,7,4,12,6,16,6,13,19,11,16,13,5,20,23,8,31,5,3,10,28,14,19,23,1,4,16,19,15,9,20,5,9,19,1,14,13,25,9,22,11,21,18,14,13,22,9,6,1,1,13,15,11,2,32,1,4,9,18,13.357142857142858,20.561267327515402,20.56475377803207,22.844964323393114,18.240163163007164,19.66750626270457,19.66636278356747,21.454735507355476,17.8731629095258,0.015494926215492425,0.026165145735728444,3.1396974672069446,-3.1170060978562932,0.9092559910263243,-2.7500058443749285,4.529926283244583,14,17,3,18
2026,3,ATL,5.428571428571428,-0.15054178468014587,0.43386243386243384,0.9344207827582466,0.3333333333333333,0.043478260869565216,5.804597701149428,11.333333333333334,5.107843137254901,1.5833333333333333,2.6666666666666665,63,10.666666666666666,5.131147540983608,-0.050416803634747716,0.3770491803278688,1.2375656222161986,0.3333333333333333,0.10714285714285714,5.844444444444444,10.933333333333332,3.125,1.411764705882353,61,12,-0.20871349225871472,4.769230769230769,18.533333333333335,0,0,0.625,1.6666666666666667,1,1.3333333333333333,5.636363636363637,23.615384615384617,0,0,1,1.3333333333333333,1,2.6666666666666665,-0.3333333333333333,5.484555984555986,-0.021369288132402173,0.4314671814671815,1.0107748125714235,0.33658536585365856,0.5,6.17338003502627,11.153614457831326,4.638709677419354,1.7934782608695652,1.1176470588235294,60.94117647058823,12.941176470588236,5.3180515759312295,-0.0037385968401176637,0.4297994269340974,1.0954516977516109,0.4009216589861751,0.59375,5.784745762711866,11.3987915407855,4.715536105032823,1.9550561797752808,61.588235294117645,14.117647058823529,-0.24871683499442707,3,16.824175824175825,0,0,0.8205128205128205,1.8823529411764706,0.9393939393939394,1.8235294117647058,3.609375,19.642857142857146,0.058823529411764705,0,1,2,0.9459459459459459,2.0588235294117645,-0.9411764705882353,1.2941176470588236,-0.023338247535118786,-0.006628804824006304,60.468294981075225,60.56915881784942,1.1019879195597,1.1198465330638672,0.2189371476555461,0.23106155191934846,19.818182408638357,20.91568302865258,5.371167060670822,5.233127646694522,0.005376344086021506,-0.8671328671328675,-5.082051282051282,0,0,-0.375,0.3333333333333335,0,-1.3333333333333333,-1.2239604225566687,-0.2492247121027269,-0.06869970142094424,0.004831990934750763,60.608695652173935,60.608695652173935,1.100267775008537,1.100267775008537,0.22064012717139178,0.22933622088760622,20.059065474581754,20.84965382069499,5.412874140778775,5.414269359905052,5.387849892714003,-0.04148282908944897,0.43242528242528244,1.1012998617392347,0.3352845528455285,0.3173913043478261,6.025867101475533,11.22550200803213,4.826363061353573,1.7094202898550723,1.7372549019607844,61.76470588235294,19.914535635015717,5.305584331978734,-0.002044486520503477,0.408699328291606,1.1120150298417353,0.37388632872503835,0.3991071428571429,5.8086252354048975,11.212608257804632,4.079321663019694,1.7377395902181099,0.7786211258697028,61.352941176470594,20.889271345469545,-0.23271549790014212,-0.712478146853147,-3.7240293040293055,0,-0.03529411764705882,-0.2576923076923077,0.06274509803921573,-0.003931203931203897,-0.6745098039215685,-0.6980392156862745,14,25,13,29,30,22,17,13,5,21,28,25,15,14,9,19,11,21,9,20,7,9,8,14,32,25,8,28,7,18,25,23,13,29,15,27,18,18,22,13,7,22,8,13,29,1,13,11,9,5,32,10,13,12,16,1,5,7,3,1,1,8,25,22,2,28,1,7,19,14,15.2,19.437476798334405,19.437367247115226,21.731206934003158,17.144234276006017,20.543578216148134,20.547201473756168,22.327349921700762,18.753571648835457,-0.9469815754126651,-0.9426456077100396,2.1593536233809814,-4.02694175256214,-2.0530829932263943,-5.63627912539158,1.5632106356833773,23,25,13,32
2026,3,TB,4.740112994350282,-0.1934374442543826,0.3559322033898305,0.9298002245773132,0.2916666666666667,0,4.955357142857143,10.081967213114755,4.36923076923077,1.8,2.3333333333333335,59,8,5.005882352941176,-0.08295288607309041,0.3764705882352941,1.0734368795388036,0.32608695652173914,0.034482758620689655,6.199999999999999,10.3125,3.2999999999999994,1.9411764705882353,56.666666666666664,10,0.04836503065974951,5.153846153846154,26.05,0,0,1,3,1,1.6666666666666667,8.153846153846153,24.529411764705884,0,0.3333333333333333,1,3.3333333333333335,1,2.3333333333333335,-3.6666666666666665,5.12863849765258,-0.008881181286470504,0.40938967136150234,1.099195172576435,0.41409691629955947,0.4482758620689655,5.830282861896838,10.698005698005696,4.219827586206897,1.901639344262295,1,62.64705882352941,14,5.801010101010103,0.01327852712039619,0.4222222222222222,1.1728852985645548,0.395,0.4666666666666667,6.70364238410596,11.430079155672823,4.38860103626943,2,58.23529411764706,16.235294117647058,-0.12400296052535442,5.105263157894735,17.057471264367816,0,0,0.8421052631578947,1.8823529411764706,0.9696969696969697,1.8823529411764706,3.153846153846154,20.154761904761905,0,0,1,1.411764705882353,1,2.6470588235294117,0.6470588235294118,1.2941176470588236,0.004193680732387641,0.008174272170079348,61.4387939200103,59.73052773896872,1.1147383636663484,1.1510400498149465,0.22663510115532579,0.25141445598124273,20.51500087122229,22.75802714230998,5.184774242902854,5.5610587808284135,0.005376344086021506,-2.999999999999999,1.5205882352941167,-0.3333333333333333,0,0,-0.3333333333333335,0,-0.6666666666666667,-0.9776991941056075,0.8561817560917113,-0.08666729922332453,0.004831990934750763,60.608695652173935,60.608695652173935,1.100267775008537,1.100267775008537,0.21591501176096156,0.22933622088760622,19.629490851833513,20.84965382069499,5.203057136580432,5.414269359905341,5.192087400373886,-0.032150711249897226,0.38800668417283357,1.1089501282032237,0.3651248164464024,0.2689655172413793,5.48031257428096,10.451590304049319,4.279588859416446,1.8609836065573768,1.5333333333333334,61.188235294117646,20.16079686346678,5.502343012459185,0.006837359675947914,0.403921568627451,1.1307311398923827,0.36743478260869566,0.2937931034482758,6.502185430463575,10.983047493403694,3.9531606217616577,1.9764705882352942,0.7786211258697028,57.6078431372549,21.994677813663984,-0.05505576405131285,-0.02914979757085101,-1.2501390901188065,-0.13333333333333333,0,-0.09473684210526319,0.14901960784313714,-0.018181818181818164,-0.7254901960784313,-1.0784313725490198,23,23,28,13,23,32,27,23,21,14,26,23,25,17,7,30,9,5,24,16,5,18,8,25,11,17,14,23,5,23,26,24,28,32,29,29,24,20,32,25,12,18,7,15,32,1,27,8,7,4,17,9,2,15,13,2,17,7,2,1,1,11,7,28,3,13,1,7,14,19,16.385714285714286,20.40060021918515,20.399503633130237,22.689161501116704,18.093349081626368,22.702033103016863,22.691591245254976,24.54708425081123,20.855115300551795,0.12040385103827754,0.11305341415485543,3.2175202642095155,-2.9785192774856113,-2.1810290327934343,-5.740285496411039,1.3595975145149883,24,18,28,15
2026,3,BUF,6.7222222222222205,0.21839438253565224,0.4888888888888889,1.1996244777811542,0.5142857142857142,0.15384615384615385,7.7894736842105265,14.035714285714286,5.529411764705882,2.8125,1.6666666666666667,60,26,5.447236180904523,0.07472974898284031,0.457286432160804,1.1049884975094633,0.3617021276595745,0.17391304347826086,6.411764705882352,11.48611111111111,4.0125,2.225806451612903,66.33333333333333,18,0.023803507837340948,4.909090909090909,19.875,0,0,1,1.3333333333333333,0.9166666666666666,3.6666666666666665,2.8,23.25,0,0,1,1.6666666666666667,1,3,-0.3333333333333333,6.000831255195341,0.13757604095069229,0.4796342477140482,1.1116063762414616,0.47435897435897434,0.6285714285714286,6.785829307568441,11.428211586901762,5.1632302405498285,2.3877551020408165,1.263157894736842,63.31578947368421,20.736842105263158,5.330841121495329,-0.010996772378458227,0.4224299065420561,1.0997151033003505,0.42543859649122806,0.5238095238095238,5.4226804123711325,10.529595015576325,5.221311475409838,1.95,56.31578947368421,15.68421052631579,-0.007163611113040258,2.621621621621622,23.21978021978022,0.05263157894736842,0,0.9230769230769231,1.263157894736842,0.9,2.8421052631578947,2.2692307692307687,21.136363636363633,0,0,1,1.4736842105263157,0.9302325581395349,2.1052631578947367,0.42105263157894735,1.263157894736842,0.11254057942144229,0.006377951417101764,61.8527246544551,59.29809483086893,1.117174749130474,1.12086546471546,0.28707501784444944,0.254903243290383,25.98601986701405,23.07383203891101,5.812170924078222,5.346101593302506,0.008064516129032258,2.1090909090909093,-3.375,0,0,0,-0.3333333333333335,-0.08333333333333337,0.6666666666666665,3.5526022181691452,1.0456646940523306,0.0988210530078645,0.004831990934750763,60.608695652173935,60.608695652173935,1.100267775008537,1.100267775008537,0.25022499542953275,0.22933622088760622,22.74871588883275,20.84965382069499,5.795608827228358,5.4142693599076965,5.8055460853382765,0.10705276885601117,0.48333610418398454,1.1104119594816992,0.49032967032967034,0.43868131868131865,7.187287058225275,12.471212666426773,5.3097028502122505,2.5576530612244897,1.424561403508772,61.98947368421052,24.69109827574153,5.3733686999445816,0.005759567224161363,0.43637251678955524,1.1126263888326906,0.39994400895856663,0.3838509316770186,5.8183141297756205,10.912201453790239,4.737786885245903,2.060322580645161,0.761120543293718,60.32280701754386,22.184160751624603,0.005223236467112225,1.0550708750708757,-0.09995004995004853,0,0.03157894736842105,-0.04615384615384612,-0.2596491228070176,-0.051472868217054255,0.7087719298245614,0.11929824561403504,2,1,4,7,2,5,5,3,2,3,25,1,17,16,20,20,22,18,10,15,26,22,14,27,8,5,8,15,3,26,8,14,3,2,7,4,2,4,4,2,1,3,5,1,2,1,3,17,24,23,21,12,20,20,21,12,26,6,8,1,1,19,10,7,2,27,1,8,8,14,10.371428571428572,25.947033428808336,25.949959783338677,28.2650974719749,23.616152241806056,21.750567235655403,21.749080844914864,23.561519229724528,19.919930613526738,0.5155293114430392,0.506604928890506,3.658250502661434,-2.572166777977751,4.711995504595972,1.124054850301567,8.361828744911808,3,2,22,4
2026,3,NYJ,5.113402061855671,0.0440529665641435,0.4329896907216495,0.9685249191950008,0.32653061224489793,0.11538461538461539,6.357142857142857,10.168831168831169,3.414634146341464,1.78125,0.3333333333333333,64.66666666666667,14.666666666666666,4.82608695652174,-0.03157019073611043,0.484472049689441,0.8149387147583473,0.30303030303030304,0.045454545454545456,5.079207920792083,9.233333333333333,4.4,1.7419354838709677,53.666666666666664,14,0.1220620218793996,2.066666666666667,17.571428571428573,0,0,0.8333333333333334,1.6666666666666667,1,1.6666666666666667,7.538461538461537,18.8,0,0,1,1.3333333333333333,1,2.3333333333333335,0.3333333333333333,4.442021803766109,-0.12650579619419627,0.38850346878097125,0.9786986846282867,0.34934497816593885,0.43902439024390244,4.2733812949640315,9.285234899328861,4.6490066225165565,1.3695652173913044,1.411764705882353,59.35294117647059,9.882352941176471,5.76638176638177,0.14722040771254893,0.4406457739791073,1.170802118094547,0.3798076923076923,0.7272727272727273,6.782287822878227,11.455357142857144,4.688845401174167,2.467741935483871,61.94117647058823,19.88235294117647,-0.031104835668291864,6.90909090909091,20.46296296296297,0.058823529411764705,0.11764705882352941,0.9655172413793104,1.6470588235294117,0.9565217391304348,1.2941176470588236,1.8732394366197183,20.47222222222222,0,0,1,2.0588235294117645,0.9642857142857143,3.176470588235294,-2.0588235294117645,0.17647058823529413,-0.10824481231450793,0.10810096548180789,59.665426489467755,60.628325761329435,1.098711938074138,1.1506052227964911,0.1928536999077331,0.26797341396400537,17.457109695086675,24.256943398932066,4.54708271132498,5.53118548312921,0.005376344086021506,-5.47179487179487,-1.2285714285714278,0,0,-0.16666666666666663,0.3333333333333335,0,-0.6666666666666667,-2.3908348714609353,1.7555315100649622,0.021894191813951573,0.004831990934750763,60.608695652173935,60.608695652173935,1.100267775008537,1.100267775008537,0.22750848097604875,0.22933622088760622,20.68348842264861,20.84965382069499,5.313007789710169,5.4142693599038445,4.853452742679055,-0.05618921066312413,0.4062979575572425,1.0993342728478974,0.34021923179752245,0.30956848030018763,5.106885919835562,9.638673407129783,4.155257632046519,1.5342391304347827,0.9803921568627451,61.478431372549025,18.74766118611145,5.484419033839064,0.06679337566298503,0.45817628426324075,1.1304702436813097,0.34909673659673657,0.45454545454545453,6.1010558620437685,10.566547619047618,4.573307240704501,2.17741935483871,0.10803289057558507,58.63137254901961,22.894027567637234,0.03016190735078473,0.8327929347647669,-0.49698412698412253,0.07058823529411765,0.03529411764705882,-0.08735632183908042,-0.11372549019607828,-0.004658385093167694,-1.396078431372549,-1.1019607843137254,31,28,24,31,29,24,29,30,25,30,8,29,24,31,25,29,4,27,16,9,23,26,30,31,6,7,2,18,2,19,31,25,20,12,16,23,19,8,13,24,31,19,1,8,12,1,20,5,13,26,1,6,3,3,2,16,13,7,5,1,1,7,6,32,2,21,1,7,14,12,16.2,18.004327763874798,18.004865016689635,20.303472187520942,15.677435609434573,23.125134670132677,23.12758543381974,24.959820807639844,21.278129495928685,0.428474691685962,0.43051055718159914,3.5239998656164424,-2.6248548051510863,-4.692332214571917,-8.225548691645198,-1.132348754502459,32,29,32,5
2026,3,DEN,5.079268292682928,-0.05657846837864166,0.38414634146341464,1.04923003668701,0.3170731707317073,0,5.86,10.803571428571427,3.859375,1.4516129032258065,1.3333333333333333,54.666666666666664,13.333333333333334,5.758793969849246,0.045410555749901965,0.44221105527638194,1.16338678643119,0.4583333333333333,0.12,6.076923076923076,12.306451612903226,5.304878048780488,2.090909090909091,66.33333333333333,14,-0.038603909073084586,6.416666666666666,21.933333333333334,0,0,0.75,1,1,1.6666666666666667,3.214285714285714,22.692307692307693,0,0,1,2.3333333333333335,1,2.3333333333333335,-4.666666666666667,5.307564422277641,0.03135816292928874,0.4222776392352452,1.0442284008663796,0.4122137404580153,0.5,5.827777777777777,10.076566125290023,4.532091097308485,1.758139534883721,0.9473684210526315,63.31578947368421,15.263157894736842,4.51507537688442,-0.07925836144995303,0.3676716917922948,1.10155089002012,0.35687732342007433,0.5517241379310345,4.838842975206612,10.51587301587302,4.012820512820514,1.5416666666666667,62.8421052631579,10.421052631578947,-0.11419289895086245,4.989795918367347,18.71590909090909,0,0.05263157894736842,0.8421052631578947,1.6842105263157894,1,2.263157894736842,3.6470588235294112,20.639175257731956,0,0,1,2.1578947368421053,0.9032258064516129,1.4736842105263157,-0.3157894736842105,1.105263157894737,0.01392522196369994,-0.06579526959720972,61.810011000600376,60.88303786169143,1.1076704883979849,1.118140132606879,0.2323408819690802,0.20274151716932975,21.031487936855395,18.35215454340043,5.185329417113698,4.687574596347602,0.010752688172043012,3.202380952380952,-0.7589743589743598,0,0,-0.25,-1.3333333333333335,0,-0.6666666666666667,-0.21652942215342108,-1.7873418032540194,-0.024078158311915718,0.004831990934750763,60.608695652173935,60.608695652173935,1.100267775008537,1.100267775008537,0.22832460435919616,0.22933622088760622,20.75768468326432,20.84965382069499,5.309406583765562,5.4142693599075455,5.234960283774443,-0.001276130146546324,0.407025120126513,1.1047094030422058,0.3741575125674921,0.3,5.840666666666666,10.367368246602584,4.263004658385091,1.6355288822205551,1.1017543859649122,59.85614035087719,20.921966635418965,4.978252501771579,-0.03754436538442552,0.39748743718592966,1.1109911895675422,0.39745972738537794,0.37903448275862067,5.334075015893198,11.232104454685102,4.529643527204503,1.7613636363636365,0.6674589700056593,64.23859649122807,19.351154254318253,-0.08395730299975131,2.086594637855142,-1.4575494436834637,0.03157894736842105,0,-0.1947368421052632,-0.8175438596491229,0.05806451612903227,0.20701754385964904,-2.056140350877193,20,17,23,25,17,27,20,24,24,26,14,16,1,7,4,18,20,16,3,22,22,10,19,3,16,3,5,25,5,8,12,30,21,20,25,19,20,20,21,18,21,24,4,10,20,1,21,22,21,19,26,26,15,14,27,29,21,5,5,1,1,17,14,5,2,18,1,7,14,22,15.7,19.774725574510722,19.7758257216076,22.06917310304647,17.45361685177446,18.509532805831384,18.514751723610317,20.34367209042005,16.6612520404172,0.19053180980606424,0.19002130111950316,3.2941371298625137,-2.9224882353202766,1.455724578485402,-2.130123423963017,5.019638142488934,11,23,1,9
2026,3,SF,7.506250000000001,0.356710681451516,0.5625,1.116526062864836,0.5483870967741935,0,9.50602409638554,13.149999999999997,5.350649350649351,3.2222222222222223,0.3333333333333333,53.333333333333336,26,4.895833333333334,-0.00706691468671213,0.4479166666666667,0.8475150552352885,0.375,0.17391304347826086,5.7592592592592595,9.347826086956522,3.7857142857142865,1.6071428571428572,64,10,0.1635648110209278,2.5,17.25,0,0,0.75,1,0.8461538461538461,3.6666666666666665,5.428571428571429,23.555555555555557,0,0,1,1.6666666666666667,1,1.6666666666666667,0,5.590677966101696,0.06105313820306664,0.4703389830508475,1.00670678248786,0.5108225108225108,0.52,6.838565022421525,10.951612903225806,3.9569471624266135,2.2072538860103625,1.4736842105263157,62.10526315789474,16.31578947368421,5.58617672790901,0.06986309235955435,0.47244094488188976,0.9951647652049981,0.4,0.5555555555555556,6.419452887537992,10.237209302325581,4.455670103092782,2.0106382978723403,60.1578947368421,15.263157894736842,0.04583537684971495,4.873015873015873,16.71875,0,0,0.9230769230769231,1.894736842105263,0.8936170212765957,2.210526315789474,5.854166666666668,19.442307692307693,0.05263157894736842,0.05263157894736842,1,1.368421052631579,0.9347826086956522,2.263157894736842,0.8947368421052632,0.7894736842105263,0.07043865419238167,0.049392214707325896,61.11898077444389,60.090606133210336,1.098840021078627,1.0734262275535589,0.251024225791842,0.23958075343960578,22.722703520175894,21.686840831302117,5.53607497450665,5.400775266565491,0.008064516129032258,-2.928571428571429,-6.305555555555557,0,0,-0.25,-0.6666666666666667,-0.15384615384615385,1.9999999999999998,1.691862515014872,0.2134699694869937,0.1591218332391206,0.004831990934750763,60.608695652173935,60.608695652173935,1.100267775008537,1.100267775008537,0.2528992570433758,0.22933622088760622,22.991841151204305,20.84965382069499,5.969744500416553,5.414269359903598,5.709542784870611,0.10591192581107725,0.5072033898305085,1.099411122650591,0.5258483452031839,0.312,7.9055486520071305,11.830967741935481,4.514428037715708,2.6132412204951065,1.0175438596491229,58.59649122807018,22.830358572587258,5.406172903900734,0.03156812519829584,0.46263123359580055,1.0841628465355502,0.39,0.40289855072463765,6.155375436226499,9.881456016177957,4.1876877761413835,1.849240121580547,0.4769100169779287,61.694736842105264,21.351966027059266,0.0929271505182001,-1.7601190476190487,-4.156356837606839,-0.03157894736842105,-0.03157894736842105,-0.14615384615384613,0.049122807017543735,-0.08623781398989545,0.768421052631579,0.5368421052631579,4,2,1,30,1,23,1,7,10,1,10,7,20,25,26,3,17,23,17,3,9,13,26,19,4,27,10,29,6,29,6,13,1,1,1,10,1,20,1,3,4,1,1,1,1,1,1,7,16,20,2,15,20,10,5,6,9,6,2,1,1,5,5,27,2,31,1,12,2,13,9.82857142857143,26.838962878661384,26.825978007289287,29.24289686997109,24.45523171818045,21.085675401815458,21.077107513980135,22.8983292312231,19.28434535326979,-0.48073977039342086,-0.48285278230221695,2.6277794390567344,-3.6502169834539915,5.272547706452506,1.5206693814566696,8.972347077804724,2,1,19,25
2026,3,CHI,5.9514563106796095,0.1273470209542491,0.4563106796116505,1.096920243434068,0.4,0.19047619047619047,6.514563106796116,10.892307692307691,5.388349514563108,2.3636363636363638,1.3333333333333333,68.66666666666667,22,6.074999999999998,-0.04372799763898948,0.425,0.9612716722956118,0.2903225806451613,0.045454545454545456,6.824175824175823,13.14,5.086956521739131,1.5483870967741935,53.333333333333336,12,-0.35687784912166476,5.230769230769231,15.416666666666666,0,0,0.8,1.3333333333333333,1,3.6666666666666665,4.5,14.722222222222221,0,0,1,1.3333333333333333,0.8333333333333334,1.6666666666666667,2,5.7083665338645435,0.07362092161398527,0.43745019920318723,1.1203435527862966,0.43609022556390975,0.4878048780487805,6.414739884393064,12.097112860892388,4.840142095914742,2.072463768115942,0.8421052631578947,66.05263157894737,16.842105263157894,5.927226027397255,0.031368781051641634,0.4529109589041096,1.0877579618489577,0.4009009009009009,0.5555555555555556,6.666666666666667,11.649122807017543,4.9564356435643555,2,61.473684210526315,17.05263157894737,-0.017359609673667606,5.2063492063492065,20.09278350515464,0,0,0.8604651162790697,1.9473684210526316,1,2.4210526315789473,4.857142857142858,18.972222222222218,0.05263157894736842,0,1,1.368421052631579,0.96,2.526315789473684,1.3157894736842106,1.736842105263158,0.0564407034203359,0.015582790881695396,63.185990284713654,60.69775990507597,1.1194319033092244,1.1133864283426584,0.24418510391697407,0.2477533716910634,22.10362646412378,22.4266259294362,5.587329838927234,5.661126576843678,0.013440860215053764,0.7307692307692308,0.6944444444444446,0,0,-0.19999999999999996,0,0.16666666666666663,1.9999999999999998,0.7908247588666732,0.6573410283674441,0.06174863315543893,0.004831990934750763,60.608695652173935,60.608695652173935,1.100267775008537,1.100267775008537,0.23833612335388576,0.22933622088760622,21.66786234491197,20.84965382069499,5.579634840143969,5.4142693599108735,5.584251839413928,0.05856387531437711,0.4449943913665726,1.1117662519889495,0.4216541353383459,0.3688734030197445,6.454669173354285,11.61519079345851,5.059425063374089,2.188932806324111,1.03859649122807,67.09824561403508,21.92932081643906,5.562383690070556,0.011282470902917542,0.44174657534246575,1.10813896700901,0.35666957279860506,0.3515151515151515,6.729670329670329,12.245473684210527,5.008643994834266,1.8193548387096774,1.0474816072439161,58.217543859649126,21.795837085939716,-0.15316690545286646,0.5018315018315016,0.9501145475372303,0,-0.03157894736842105,-0.16372093023255813,0.3473684210526316,0.09066666666666667,0.7368421052631579,1.5894736842105264,9,6,10,4,7,15,12,8,3,11,11,11,28,19,21,16,7,12,26,30,28,12,2,21,24,13,8,11,6,4,7,4,8,8,10,13,7,2,9,17,2,9,4,3,8,1,8,27,10,14,8,5,3,25,28,27,7,4,3,1,1,27,32,9,2,15,1,3,2,7,11.085714285714285,22.13325467104164,22.136070091527536,24.50255422906806,19.78469880045035,22.616771154022025,22.6123024450666,24.457626110317353,20.789272912471365,0.16063114358411948,0.1719321199613813,3.2466016773609674,-2.9447058514919453,-0.32288533939626496,-3.94927996351296,3.291529796111675,18,12,27,11
2026,3,BAL,6.9306358381502875,0.19329505394749727,0.5491329479768786,1.0595317055130533,0.30303030303030304,0,8.7848101265822809,14.056603773584905,5.372340425531914,2.4545454545454546,0.6666666666666666,57.666666666666664,22,5.126984126984127,0.022379301833892112,0.42857142857142855,1.0996092073299581,0.41025641025641024,0.13043478260869565,5.8125,9.774647887323944,4.129870129870129,2.15625,63,17.333333333333332,-0.18416960395435938,5.4,17.529411764705884,0,0,0.8333333333333334,1.6666666666666667,1,3.6666666666666665,5.222222222222222,18.764705882352942,0,0,1,2.3333333333333335,0.8333333333333334,1.6666666666666667,0,5.928870292887028,0.03395644600975793,0.4424686192468619,1.1310335648187348,0.4129353233830846,0.6,6.409871244635193,11.79136690647482,5.47142857142857,2.0898876404494384,1.2941176470588236,56.23529411764706,16.352941176470587,5.61745589600743,0.025093652419300155,0.42525533890436396,1.1471583915741488,0.3815789473684211,0.5609756097560976,6.4072948328267465,11.035087719298245,4.3770883054892575,2.033333333333333,63.35294117647059,14.470588235294118,-0.14778139551196973,4.125,20.548387096774192,0,0,0.8823529411764706,1.7647058823529411,0.9565217391304348,2.588235294117647,3,20.106382978723403,0,0,1,2.1176470588235294,0.9473684210526315,2.1176470588235294,-0.5882352941176471,1.2352941176470589,0.027738232314004494,0.022555121026704563,58.0070068556888,61.025719591860884,1.1193842006318007,1.1386779325105758,0.26164450276610607,0.2291977135859965,23.68405059425656,20.746968452500813,5.710997535471779,5.502510582273838,0.008064516129032258,0.17777777777777803,-1.235294117647058,0,0,-0.16666666666666663,-0.6666666666666667,0.16666666666666663,1.9999999999999998,1.945669640158652,-0.3504534577937868,0.09355154230062587,0.004831990934750763,60.608695652173935,60.608695652173935,1.100267775008537,1.100267775008537,0.2440171124426988,0.22933622088760622,22.184338352942753,20.84965382069499,5.840290015296394,5.414269359905325,5.762714527401625,0.054063556308653046,0.48513435073886857,1.1117376303824953,0.36897331524197197,0.36,7.359846797414027,12.697461653318854,5.431793313069907,2.235750766087845,1.0431372549019609,56.807843137254906,23.084165697731038,5.467214093326433,0.015465868989923044,0.4265817747711898,1.1233138695097602,0.39304993252361675,0.3887592788971368,6.169376899696048,10.530911786508526,4.278201035241606,2.0825,0.7444022770398482,63.21176470588235,20.788042599778485,-0.1623366788889256,0.7461111111111112,-0.22891517622834956,0,0,-0.13725490196078433,-0.4784313725490197,0.07215865751334863,1.0823529411764705,-0.35294117647058826,3,7,3,5,20,16,3,1,1,8,12,6,23,21,15,26,18,19,18,8,15,23,16,13,26,9,8,17,5,6,4,19,2,3,2,18,21,20,2,1,3,6,2,3,3,1,2,10,19,16,20,21,16,11,7,14,23,6,7,1,1,10,20,14,2,22,1,3,2,13,10.6,25.092280106228316,25.096423196357577,27.468316144859635,22.719050656413028,21.23624805012701,21.24186469744299,23.040884520330504,19.40774502168064,0.2374553940479507,0.23144932042904567,3.36185889840852,-2.9049946829199214,4.093487450149256,0.406310951812467,7.789290522937651,5,4,20,7
2026,3,NE,5.191011235955055,-0.146421020117404,0.37640449438202245,1.1018020307176934,0.3023255813953488,0.13043478260869565,6.242105263157894,11.472727272727274,3.9879518072289146,0.9,2.6666666666666665,59.333333333333336,4,4.832369942196532,-0.04042618636404159,0.42196531791907516,0.9494067447029583,0.2857142857142857,0.08695652173913043,5.151515151515151,9.64406779661017,4.405405405405405,1.59375,57.666666666666664,12,-0.26272476568756986,3.6875,24.454545454545453,0,0,0.7142857142857143,1.6666666666666667,1,1,3,23.727272727272727,0,0,1,1,1,2,1,6.044164037854888,0.09032589179416076,0.4589905362776025,1.1416472066260042,0.41434262948207173,0.7241379310344828,7.139769452449565,12.266821345707658,4.719512195121952,2.0829694323144103,1.1428571428571428,60.38095238095238,17.333333333333332,4.887438825448614,-0.09092343052870272,0.4192495921696574,0.9653216181423074,0.36328125,0.3333333333333333,5.403047091412735,9.924705882352937,4.148809523809524,1.5605381165919283,58.38095238095238,11.238095238095237,-0.2003947163786374,4.764044943820226,19.64835164835165,0.047619047619047616,0.09523809523809523,0.8157894736842105,1.4761904761904763,0.967741935483871,2.857142857142857,4.076923076923074,17.669642857142854,0,0.047619047619047616,1,1.3333333333333333,0.9487179487179487,1.7619047619047619,2.0952380952380953,1.2857142857142858,0.06438855435954911,-0.05594084344823966,60.17110482959181,59.756011896290936,1.1216183158943698,1.0590678944784775,0.26161097093198454,0.21784776640304043,23.681015293887334,19.719571658448647,5.796276678523875,5.030734195812846,0.008064516129032258,0.6875,0.7272727272727266,0,0,-0.2857142857142857,0.6666666666666667,0,-1,0.6942713306359565,-0.9668915342250877,-0.0642408738766886,0.004831990934750763,60.608695652173935,60.608695652173935,1.100267775008537,1.100267775008537,0.20965523538157171,0.22933622088760622,19.060395529689853,20.84965382069499,5.343243653564468,5.414269359903177,5.615063468540113,0.012936783065054025,0.42595611951937046,1.1130780995400367,0.3695358102473826,0.48665667166416793,6.7807037767328975,11.949183716515504,4.426888039964737,1.6097816593886463,1.7523809523809524,59.96190476190476,21.832767388208342,5.1841482614489784,-0.03163170969504349,0.4203358824694245,1.0755478466905013,0.33225446428571426,0.23478260869565215,5.302434315453702,9.81245064805583,4.251447876447877,1.573822869955157,0.7746543778801843,58.09523809523809,20.171604523347185,-0.22532673610221038,0.6872731201382911,1.478134365634368,0.028571428571428567,0.028571428571428567,-0.22481203007518796,0.3523809523809525,0.01141439205955339,0.2571428571428571,1.657142857142857,8,13,17,2,18,2,6,6,13,27,30,13,9,9,13,2,3,3,2,2,12,4,11,6,31,10,7,9,4,15,11,3,17,28,28,12,22,6,15,11,20,30,8,17,28,1,17,6,11,13,7,4,10,4,6,17,8,6,3,1,1,4,26,10,2,14,1,7,17,10,10.985714285714286,20.176436083770092,20.180718895368614,22.514651514873933,17.813222579320474,20.995980467341436,20.993963752596812,22.798967802760092,19.188291926853147,-0.421600148921963,-0.43140459366492445,2.6870453113856136,-3.544368810045522,-1.241144532493307,-4.919438157578195,2.402729023499454,21,20,16,23
2026,3,ARI,4.653061224489797,0.04172845863019688,0.4642857142857143,0.8252321799956697,0.3829787234042553,0.125,5.206611570247935,7.951219512195121,3.7600000000000002,1.8387096774193548,0.6666666666666666,65.33333333333333,12,6.508982035928145,0.12277764006828726,0.4491017964071856,1.2086221867613494,0.40625,0.06666666666666667,8.369047619047619,14.529411764705882,4.6265060240963845,2.4,55.666666666666664,22,-0.1539528529348417,2.5,21.466666666666665,0,0,0.875,2.3333333333333335,1,2,2.5714285714285716,13.733333333333333,0,0,1,0.6666666666666666,0.8181818181818182,3,4,5.161080074487894,-0.01850427310681451,0.40875232774674114,1.1091363918773067,0.41517857142857145,0.42857142857142855,5.573239436619718,10.19672131147541,4.357142857142857,1.8554913294797688,1.1764705882352942,63.1764705882353,13.529411764705882,5.81671415004748,0.08844167027997953,0.47388414055080724,1.0369498273641073,0.44776119402985076,0.48,6.571189279731997,11.008,4.828947368421051,2.4166666666666665,61.94117647058823,18,-0.24937780269299292,5.166666666666666,19.028846153846153,0,0,0.7575757575757576,1.4705882352941178,1,2.1176470588235294,5.199999999999999,19.59756097560976,0,0,1,2.176470588235294,0.9038461538461539,2.764705882352941,-2.764705882352941,1.0588235294117647,-0.008750825542245263,0.04732860914841026,61.64539689695245,60.55515689874746,1.1159752107871608,1.0939995297634142,0.2211488377264113,0.2501224443459276,20.018384511046037,22.64107429745497,5.162834557983674,5.49375252741415,0.008064516129032258,-0.07142857142857162,7.7333333333333325,0,0,-0.125,1.666666666666667,0.18181818181818177,-1,-1.0314369437003847,0.7860100491787065,0.021375837412058698,0.004831990934750763,60.608695652173935,60.608695652173935,1.100267775008537,1.100267775008537,0.2226311015861079,0.22933622088760622,20.240071018110946,20.84965382069499,5.167855353517065,5.414269359911991,5.16484287619703,0.0032998396394763223,0.4309656823623304,1.1096922364757114,0.402298632218845,0.3071428571428571,5.426588290071005,9.298520591763294,4.118285714285714,1.8487786686556031,0.9725490196078432,64.0392156862745,20.107059113872,5.461959260413286,0.03032996186294646,0.4639712028933586,1.0965068278614634,0.4311567164179104,0.31466666666666665,7.2903326154582455,12.416564705882353,4.747970830691185,2.41,0.6385199240986716,59.431372549019606,21.92450610675098,-0.21120782278973244,-0.04857142857142858,2.7521044402751693,0,0,-0.19545454545454544,0.24313725490196114,0.1304195804195804,-0.788235294117647,-0.0588235294117645,25,16,14,10,9,25,28,32,27,17,7,24,22,24,29,11,28,8,30,32,27,30,20,24,30,18,8,6,5,2,27,15,30,13,9,32,11,7,27,32,26,16,2,12,13,1,31,31,28,21,30,20,5,31,32,21,28,6,11,1,1,29,18,17,2,2,1,2,17,3,17.84285714285714,19.847709715982987,19.84713197807801,22.15239442730342,17.560753092447648,22.148749684529406,22.148076032998414,23.98527965707573,20.332365490568716,0.041400231790420426,0.046076227201633624,3.157077000862385,-3.088852016770378,-2.259639736755999,-5.860464414891446,1.3241917710900761,25,22,23,17
2026,3,DAL,5.5786516853932575,0.1752216609287286,0.4887640449438202,1.0968757753923466,0.5,0.06666666666666667,6.513761467889909,10,4.101449275362318,3,0.6666666666666666,59.333333333333336,20.666666666666668,6.136842105263159,0.19128750364014985,0.5421052631578948,0.9705356212331677,0.5128205128205128,0,7.232558139534883,10.213114754098362,5.230769230769231,2.5714285714285716,63.333333333333336,20,-0.009027275566191498,8.6,17.1875,0,0,0.8571428571428571,2,0.8888888888888888,2.6666666666666665,7.6,11.789473684210526,0,0,1,1.3333333333333333,1,3.3333333333333335,1.3333333333333333,6.0516304347826075,0.09783384593536047,0.4592391304347826,1.0979319403461656,0.4195121951219512,0.6470588235294118,6.920610687022901,11.300715990453465,4.783964365256125,2.2711864406779663,1.2941176470588236,64.94117647058823,17.529411764705884,6.265822784810126,0.167387848928691,0.4741966893865628,1.1765704544975728,0.475,0.65,7.22091062394604,11.866141732283463,4.960829493087557,2.595505617977528,60.411764705882355,21.176470588235293,-0.08268109098344104,1.6078431372549016,19.78301886792453,0,0,0.8571428571428571,2.1176470588235294,0.9591836734693877,2.764705882352941,6,19.872549019607842,0,0,1,1.8823529411764706,0.9814814814814815,3.1176470588235294,0.35294117647058826,0.6470588235294118,0.06791535762637961,0.13545934381171498,62.55815529768944,60.31401430232074,1.1145644109262105,1.1546867573577302,0.2522276141177721,0.28336421314087745,22.831634186383486,25.650117964181526,5.797986821784329,6.01052049009249,0.005376344086021506,1,5.398026315789474,0,0,-0.1428571428571429,0.6666666666666667,-0.11111111111111116,-0.666666666666667,1.3024912437060472,2.591436249214638,0.08824224272396103,0.004831990934750763,60.608695652173935,60.608695652173935,1.100267775008537,1.100267775008537,0.2403947347648395,0.22933622088760622,21.85501697362085,20.84965382069499,5.443979582372744,5.414269359911781,5.656383926019695,0.07604611166541217,0.47104909623839764,1.1088457565591412,0.45170731707317074,0.41490196078431374,6.757870999369704,10.780429594272078,4.510958329298603,2.56271186440678,1.0431372549019609,62.69803921568627,22.440987301278433,5.772020038020207,0.08320840266092928,0.5013601188950956,1.132919164418053,0.4901282051282051,0.39,7.225569630181577,11.204930941009422,5.068805388160227,2.5858747993579456,0.39038583175205566,61.58039215686275,23.72993230678691,-0.053219564816541214,-2.235294117647059,2.105492435305802,0,0,-0.1428571428571429,0.40784313725490207,-0.057823129251700744,-0.4784313725490198,0.7450980392156863,6,4,5,14,3,8,7,19,11,2,12,9,32,32,32,31,32,20,29,18,29,32,29,32,10,31,8,7,5,27,20,10,11,5,8,14,3,15,10,27,19,2,2,4,4,1,11,28,32,31,9,29,1,27,12,28,29,7,9,1,1,28,12,8,2,3,1,9,15,9,14.757142857142858,25.345791611817464,25.34517739876476,27.683296828338513,22.986620124636786,23.06112244937379,23.06860408140954,24.909703476750042,21.20156299849771,-0.4901039284453407,-0.4865004307945789,2.6207338375069464,-3.630107240126716,1.7945652339983331,-1.8450501139876399,5.394327189095417,10,3,30,26
2026,3,GB,5.255555555555555,-0.12201749980108113,0.37777777777777777,1.265986564533642,0.2702702702702703,0.06666666666666667,6.06060606060606,12.984615384615386,3.041666666666667,1.5,1.3333333333333333,60,12,5.287179487179488,0.06598445625465586,0.42564102564102563,1.0699476699372166,0.41509433962264153,0,6.224489795918364,10.9,4.34020618556701,2.1666666666666665,65,23.333333333333332,-0.18792910361790754,8.384615384615383,26.22222222222222,0,0,0.8333333333333334,1.6666666666666667,0.8333333333333334,1.6666666666666667,2.6428571428571432,27.071428571428573,0,0,1,1.3333333333333333,1,3,-0.3333333333333333,5.734713076199436,0.12163467113248054,0.46001881467544686,1.1125755775393966,0.4796380090497738,0.6071428571428571,6.966431095406358,11.84090909090909,4.33199195171026,2.0898876404494384,0.7777777777777778,59.05555555555556,16.22222222222222,5.074008810572689,0.039061693378659314,0.4325991189427313,1.01018463847352,0.4067796610169492,0.5238095238095238,5.769716088328078,10.09635416666667,4.193612774451099,2.0470588235294116,63.05555555555556,14.333333333333334,-0.18917753817206978,2.6071428571428568,18.211111111111112,0,0,0.7777777777777778,1.5555555555555556,0.9130434782608695,2.3333333333333335,5.39622641509434,19.24175824175824,0,0,1,1.7777777777777777,0.9166666666666666,1.8333333333333333,-0.16666666666666666,0.8333333333333334,0.08751924363105101,0.027213191413945344,59.397088078680646,60.895924843649475,1.114924495443794,1.0801435346935053,0.25258877186679457,0.2269437417827752,22.864326172303027,20.542939009263314,5.502360956470741,5.030722673660624,0.005376344086021506,5.74175824175824,-0.8492063492063515,0,0,-0.16666666666666663,0.3333333333333335,-0.16666666666666663,-1.3333333333333333,0.7470141100732626,-0.4728711237362866,-0.053859868592456235,0.004831990934750763,60.608695652173935,60.608695652173935,1.100267775008537,1.100267775008537,0.22458038340275957,0.22933622088760622,20.417286160659582,20.84965382069499,5.3610514826835045,5.414269359906871,5.4458371669558465,0.030967598741648113,0.42712239991637924,1.1090618072696912,0.39589091353797234,0.39095238095238094,6.604101081486239,12.298391608391608,3.815861837692823,1.853932584269663,1,59.43333333333333,21.88551016764565,5.184141348159123,0.01826071122226751,0.42981588162204903,1.0881932308195181,0.4101055324592261,0.3142857142857143,5.951625571364192,10.417812500000002,4.252250138897463,2.0949019607843136,0.5021505376344086,63.833333333333336,20.665624933835986,-0.1886781643504049,0.6232531619324064,-0.958070818070818,0,0,-0.19999999999999998,1.3877787807814457e-16,-0.06884057971014493,-0.23333333333333323,-0.23333333333333334,11,12,16,12,12,12,9,5,30,15,9,12,8,22,18,5,24,7,14,7,13,25,24,12,29,11,8,22,5,28,16,17,15,26,27,2,27,15,18,5,32,23,4,12,26,1,15,14,22,15,16,22,1,16,15,15,24,7,12,1,1,15,21,1,2,20,1,13,19,14,14.357142857142858,21.627588466849215,21.626755517008608,23.884704331356005,19.366901819474705,19.835708141287558,19.83804541251675,21.66749861076184,18.01786422983463,-0.5919964674781866,-0.5941556232282488,2.5484845659133706,-3.6897405211662724,1.19988385808347,-2.340702931526196,4.765690286507536,13,13,5,28
2026,3,CLE,4.902439024390243,-0.06033916643879204,0.38414634146341464,1.1377744868675816,0.275,0.1111111111111111,5.774193548387097,10.298245614035087,3.760563380281691,1.411764705882353,1,54.666666666666664,10.666666666666666,5.481481481481482,-0.0027464203465532204,0.42857142857142855,1.0773239863557127,0.37209302325581395,0,6.0540540540540535,11.046153846153846,4.666666666666666,2.0625,63,12,-0.15212064996660474,1.2222222222222223,26.1,0,0,1,2,1,1.3333333333333333,1.9166666666666665,24.5,0,0,1,3.3333333333333335,1,1.6666666666666667,-4.333333333333333,4.3404669260700395,-0.1902279343695927,0.33754863813229574,1.0554932809956266,0.33617021276595743,0.41379310344827586,4.609195402298851,9.758513931888542,3.949880668257757,1.2615384615384615,1.4705882352941178,60.470588235294116,9.294117647058824,4.870221327967806,-0.0958388806072589,0.3853118712273642,1.0900677130690954,0.36771300448430494,0.3888888888888889,5.264814814814816,10.454545454545455,4.400881057268725,1.7336683417085428,58.470588235294116,13.764705882352942,0.053917122864733644,2.8292682926829276,19.120481927710845,0,0,0.8888888888888888,1.411764705882353,0.9615384615384616,1.4705882352941178,5.612903225806453,21.279411764705884,0.058823529411764705,0.11764705882352941,1,1.588235294117647,0.926829268292683,2.235294117647059,-2.3529411764705883,1.0588235294117647,-0.17501536695645445,-0.07510914511973353,60.0974463463274,59.976824635978005,1.1091692209369437,1.1163479856274219,0.18459428914160458,0.23110749706702727,16.709468141774153,20.919841981700248,4.409072220970664,4.923439887895001,0.005376344086021506,-0.6944444444444442,1.6000000000000014,0,0,0,-1.3333333333333335,0,-0.3333333333333335,-2.9547324130041623,-0.24672934027412552,-0.02449094066801045,0.004831990934750763,60.608695652173935,60.608695652173935,1.100267775008537,1.100267775008537,0.22433752208104474,0.22933622088760622,20.395206898759334,20.84965382069499,5.264801220667881,5.414269359907163,4.7513638208495506,-0.11480559644107685,0.3561877194647433,1.105608642565581,0.3117021276595745,0.29272030651340997,5.07519466073415,9.974406604747161,3.874153753067331,1.3216289592760182,1.2823529411764707,58.14901960784314,18.183763644568224,5.119771676699866,-0.04313269069793981,0.40261569416498993,1.109915901379868,0.36946501199290854,0.23333333333333334,5.580510510510511,10.69118881118881,4.507195301027902,1.8652010050251255,0.6374446552814674,60.28235294117647,20.891766717298147,-0.028497986267801707,-1.9479587376518928,-0.6553579021970228,-0.07058823529411765,-0.03529411764705882,-0.0666666666666667,-0.6392156862745098,0.020825515947467153,-0.592156862745098,-3.1450980392156866,32,32,32,22,31,29,31,29,28,31,20,31,5,5,6,17,10,2,6,13,21,15,21,15,9,29,13,19,7,12,23,32,24,22,25,7,26,9,23,22,25,25,3,13,21,1,24,18,17,16,18,14,1,13,17,22,20,7,3,1,1,16,17,20,2,12,1,7,13,21,16.785714285714285,16.952482634405534,16.94417638620807,19.27510429368397,14.645074661184742,20.2333391036457,20.225446690047,22.012386009654644,18.455152296030644,0.15861042876423492,0.15686748408058532,3.2607435630904034,-2.9262240041148737,-3.1222460404759316,-6.736301638960775,0.5234618471197292,29,32,11,12
2026,3,MIA,5.0404624277456636,-0.12701632066018986,0.31213872832369943,1.1904243642135595,0.37777777777777777,0.041666666666666664,6.073684210526316,12.795918367346939,3.7820512820512824,1.1785714285714286,1.3333333333333333,57.666666666666664,6,6.3374999999999995,0.1618920918445865,0.525,1.0009056264098035,0.41935483870967744,0.07142857142857142,9.11842105263158,11.360655737704919,3.8214285714285716,2.6785714285714284,53.333333333333336,22,-0.19577316480227513,4,26.11764705882353,0,0,0.7142857142857143,1.6666666666666667,1,1,4,23.77777777777778,0,0,1,1,1,3.6666666666666665,-0.6666666666666666,5.436305732484079,-0.01681570218096368,0.4150743099787686,1.1260910175394108,0.3489583333333333,0.4782608695652174,5.926640926640926,10.3167701863354,4.837264150943395,1.7796610169491525,1.4705882352941178,55.411764705882355,13.176470588235293,5.836614173228344,0.08820651929678154,0.4704724409448819,1.0554772082492285,0.40096618357487923,0.7142857142857143,6.596396396396396,10.520215633423183,4.921908893709327,2.096590909090909,59.76470588235294,16.941176470588236,-0.038916391952785956,4.728813559322033,19.724137931034488,0,0.058823529411764705,0.9310344827586207,1.588235294117647,0.9714285714285714,2,4.111111111111111,20.425,0.058823529411764705,0.058823529411764705,1,1.4705882352941178,0.9555555555555556,2.5294117647058822,-0.5294117647058824,1.1176470588235294,-0.026583632537343447,0.06894601012996697,57.567812447050095,60.13232838720611,1.117026236091705,1.1009790898725471,0.23143532079013213,0.25361572130664,20.949516572841784,22.957285597148214,5.290326714656137,5.6326968455675335,0.008064516129032258,0,2.3398692810457504,0,0,-0.2857142857142857,0.6666666666666667,0,-2.6666666666666665,-0.7914216453723455,0.975736828994652,-0.05493575146863203,0.004831990934750763,60.608695652173935,60.608695652173935,1.100267775008537,1.100267775008537,0.21386822426516533,0.22933622088760622,19.44341117123743,20.84965382069499,5.29914518416367,5.414269359910799,5.29385410245915,-0.03792448010985888,0.3739000773167409,1.1103228516584378,0.36048611111111106,0.3036231884057971,5.985458240195081,11.308429458740015,4.41517900338655,1.5392251815980629,1.415686274509804,56.31372549019608,20.34707441220004,5.54532585130484,0.043300402451880486,0.4922834645669291,1.1006945639269432,0.40832164562879847,0.45714285714285713,7.60520625889047,10.856391675135878,4.481716764797025,2.329383116883117,0.6738140417457305,57.1921568627451,22.114232886566924,-0.10165910109258164,0.3706214689265533,0.5154304710389923,0,-0.03529411764705882,-0.15566502463054188,0.3372549019607842,0.00952380952380949,-1.384313725490196,-0.584313725490196,17,24,29,8,24,26,18,12,14,29,24,20,26,27,31,12,23,28,32,14,19,29,18,26,19,15,8,12,7,16,30,22,22,27,30,5,12,19,17,7,24,27,4,16,27,1,22,29,30,30,10,23,6,32,19,8,32,6,11,1,1,24,22,16,2,10,1,7,22,15,18.228571428571428,19.669128409374306,19.663467608911386,22.03742163736387,17.341044770701597,23.117051098776898,23.10242517164999,24.992398762519475,21.281329415245487,-0.02968377428610743,-0.03903464662513596,3.0616934430087595,-3.064799178802388,-3.4776064636886996,-7.005083823346278,0.10671631785315494,30,24,31,19
2026,3,NO,5.184684684684686,0.01003509845388525,0.44594594594594594,1.1364733342438784,0.5,0.2,5.943661971830987,10.076923076923077,3.8375,2.1176470588235294,2.3333333333333335,74,20.666666666666668,5.356020942408376,0.0684040313275626,0.4973821989528796,0.9038250140214682,0.42105263157894735,0,5.7207207207207205,9.985507246376812,4.85,2.2058823529411766,63.666666666666664,20,0.04101776094282961,3.4615384615384617,16.941176470588236,0,0,0.8,1.3333333333333333,0.875,2.3333333333333335,4.363636363636363,17.1875,0,0,1,1.6666666666666667,1,2.6666666666666665,-1.3333333333333333,5.023496240601505,-0.08805277791536184,0.4069548872180451,0.9495147575636215,0.3963963963963964,0.4117647058823529,5.870866141732287,10.14357682619648,3.7692307692307696,1.5340909090909092,1.3529411764705883,62.588235294117645,10,4.977648202138002,-0.05905983023099994,0.40816326530612246,1.0332187225013818,0.3492822966507177,0.5294117647058824,5.7363465160075355,10.692307692307692,4.168674698795182,1.901639344262295,60.529411764705884,13.294117647058824,-0.163514424003829,4.0555555555555545,18.5,0,0,0.7142857142857143,1.7647058823529411,1,1.6470588235294117,4.620689655172415,16.415584415584412,0,0.058823529411764705,1,2.1176470588235294,0.9459459459459459,2.0588235294117645,-1.8235294117647058,1.2352941176470589,-0.0856668687918997,-0.053500396834867125,61.44127977314574,60.254256802933874,1.0930543299020792,1.0934553605446347,0.18583405837613118,0.2258700020724518,16.821692006465774,20.445744130886318,4.953441495590526,4.974696594093527,0.008064516129032258,-0.9020979020979016,-0.2463235294117645,0,0,-0.19999999999999996,-0.3333333333333335,-0.125,-0.33333333333333304,-2.507704300735181,-0.5311880507624842,0.00611604144425386,0.004831990934750763,60.608695652173935,60.608695652173935,1.100267775008537,1.100267775008537,0.23477864743905782,0.22933622088760622,21.34444138239435,20.84965382069499,5.328879065311963,5.4142693599057,5.103616523479101,-0.048953704697438274,0.4225513107092055,1.0959397079446624,0.4378378378378378,0.32705882352941174,5.899984473771767,10.116915326487117,3.7965384615384616,1.7675133689839573,1.7450980392156863,67.15294117647059,18.630791756837205,5.150525700418396,-0.030167441727019968,0.44385083876482534,1.0961803263301957,0.37799043062200954,0.3176470588235294,5.730096197892809,10.409587513935339,4.441204819277109,2.0233365477338476,0.7444022770398482,61.7843137254902,20.607308006809788,-0.08170155002516556,-0.6999196206092768,1.1521199388846468,-0.03529411764705882,0,-0.2514285714285714,-0.3450980392156864,-0.01756756756756757,-0.38039215686274486,-1.6274509803921569,27,27,18,32,5,21,19,27,31,19,29,30,6,10,22,9,12,9,7,6,18,20,16,11,14,24,12,10,5,22,18,29,18,16,13,8,3,1,20,26,23,12,7,4,16,1,18,15,23,29,5,24,1,9,9,23,25,6,9,1,1,12,9,23,2,17,1,10,11,16,14.742857142857142,17.863048707068685,17.857876433032526,20.2065147804534,15.535555346120056,20.09853362810161,20.09542610882166,21.923090187222318,18.300436936651316,-0.6920955689748964,-0.7017467595161835,2.3864699272260776,-3.7528646325235555,-2.927580490007821,-6.517746223054816,0.6698945204571598,27,31,7,31
2026,3,WAS,4.767676767676767,0.01842225939292539,0.4090909090909091,1.073843499846443,0.34782608695652173,0.125,5.25,9.233333333333333,4.2340425531914905,1.8529411764705883,0.3333333333333333,66,16,6.443786982248521,0.07627076763039013,0.46745562130177515,1.2309261895749346,0.45714285714285713,0,7.859813084112151,12.152777777777779,4,2.6363636363636362,56.333333333333336,22,-0.13826776022572665,5.583333333333334,21.157894736842106,0,0,0.7142857142857143,1.6666666666666667,0.75,2,5.357142857142857,18.0625,0,0,1,1.6666666666666667,1,3.6666666666666665,-1.6666666666666667,5.553626149131768,0.006479135181544057,0.4453524004085802,1.0915752079400847,0.37967914438502676,0.6153846153846154,6.216269841269841,11.5993031358885,4.850526315789474,1.8502994011976048,1.2941176470588236,57.588235294117645,14,6.10997204100652,0.14333521568285162,0.4613233923578751,1.1283442165311375,0.41706161137440756,0.625,7.073756432247,12.488571428571426,4.963265306122447,2.3823529411764706,63.11764705882353,18.235294117647058,-0.17373489734378827,6.847826086956521,19.571428571428573,0,0.11764705882352941,0.7666666666666667,1.3529411764705883,0.9705882352941176,1.9411764705882353,2.035714285714286,16.641025641025642,0,0,1,1.7058823529411764,0.9787234042553191,2.7058823529411766,-1.1176470588235294,0.6470588235294118,0.004144874922237844,0.10383082368133528,58.64463397154471,60.86339617318829,1.1139749242440122,1.1329468068410313,0.23901813842232442,0.25654490248276834,21.635912941002466,23.222434967541002,5.443989238769824,5.80118395465031,0.008064516129032258,0.22619047619047716,3.095394736842106,0,0,-0.2857142857142857,0,-0.25,-1.6666666666666665,0.19415928098685598,1.1348264512303246,0.010060891621980478,0.004831990934750763,60.608695652173935,60.608695652173935,1.100267775008537,1.100267775008537,0.22964547369802532,0.22933622088760622,20.877768934894398,20.84965382069499,5.201560868689673,5.414269359912527,5.347017890737764,0.006511281602134898,0.4308478038815118,1.1084920645498222,0.36693792141362475,0.41923076923076924,5.829761904761904,10.652915214866432,4.603932810750281,1.8513561113067982,0.9098039215686274,60.95294117647059,21.332655338559242,5.646418116755197,0.06423129058270147,0.46377628393543513,1.1198751941080336,0.4330941096817874,0.375,7.388179092993061,12.354253968253968,4.577959183673468,2.483957219251337,0.39146110056926,60.40392156862745,22.273322508802597,-0.15954804249656362,2.977743271221532,2.9963996529786012,0.07058823529411765,0,-0.2542857142857142,-0.21176470588235285,-0.1048811013767209,-1.1254901960784314,-1.3372549019607844,16,15,15,15,22,7,21,20,8,16,4,15,30,29,28,24,29,15,31,31,24,31,28,28,25,1,2,5,5,32,29,27,26,14,21,17,17,7,26,30,15,15,1,7,15,1,28,30,26,24,31,25,1,29,26,11,31,6,11,1,1,30,16,12,2,8,1,14,21,17,17.742857142857144,20.85555103496465,20.85158251703319,23.102254787265288,18.58456149570614,22.79604059390759,22.79327189187628,24.60643253505686,20.982147977527625,-0.5346064431800532,-0.5437974752075654,2.6315797221667734,-3.7098709594452526,-2.475096002122996,-6.107457441266737,1.1274019743752004,26,14,29,27
